Titre,Recette,Duree de preparation,Ingrédients ,Calories(kcal),Protéines(g),Lipides(g),Glucides(g),Videos Youtube,Image,Type de cuisine,Cathegorie de cuisine
Avoine trempée,"Mélanger les flocons d’avoine avec le lait, ajouter les fruits et laisser au frais pendant la nuit",15-30 minutes,"Flocons d’avoine, lait (ou yaourt), miel, fruits frais (banane, fraises).",150-200,5,3,30,,https://external-content.duckduckgo.com/iu/?u=https%3A%2F%2Fimg.freepik.com%2Fphotos-premium%2Ffarine-avoine-bol-bouillie-avoine-bananes-mures-graines-chia-fond-table-ancienne-beton-gris-vue-dessus-dans-style-plat-ingredients-naturels-petit-dejeuner-chaud-sain-aliments-dietetiques_253362-20257.jpg%3Fw%3D1480&f=1&nofb=1&ipt=6e107d8f17a84297da81df6801b83ce5448e83720dcb1d8918a8a9ee72c4d911&ipo=images,,
Beriouate,"Feuilles de brick, viande hachée (agneau ou bœuf), persil, épices (cannelle, gingembre), amandes (facultatif)",15-30 minutes,"Feuilles de brick, viande hachée (agneau ou bœuf), persil, épices (cannelle, gingembre), amandes (facultatif)",100-150,5-10,5-10,10-15,,https://external-content.duckduckgo.com/iu/?u=https%3A%2F%2Fparamourdesbonneschoses.fr%2Fwp-content%2Fuploads%2F2016%2F01%2FDSC_0138_Snapseedgg.jpg&f=1&nofb=1&ipt=72c300bd5888d89da2801eaacba9cf50f711bdb9e7636f02cbb89690eec5d5bd&ipo=images,Marocaine,Traditionnelle
Bissara,"Cuire les fèves, mixer avec l'ail et les épices",1-3 heures," Fèves sèches, ail, huile d’olive, cumin, paprika",150-200,10,5,30,,https://external-content.duckduckgo.com/iu/?u=https%3A%2F%2Ftasteofmaroc.com%2Fwp-content%2Fuploads%2F2020%2F10%2Fbessara-soup-picturepartners-bigstock.jpg&f=1&nofb=1&ipt=1a923e6e58527d0ad26a11acaf92a06f8f6814f7be8885b93a6e512751681d12&ipo=images,Marocaine,Traditionnelle
Bokadio,Cuire la viande avec les oignons et l’ail,30-60 minutes,"Viande de bœuf, oignons, ail, épices (sel, poivre)",200-300,20,10,10,,https://external-content.duckduckgo.com/iu/?u=https%3A%2F%2Fi.pinimg.com%2Foriginals%2F70%2F07%2F0b%2F70070b8992bc97bfd65ffc03178dd2e4.jpg&f=1&nofb=1&ipt=39ea2938a556747aabcf89663b8b3e49adb3aee0c8c2957494f1db17736e5b80&ipo=images,,
Brochettes,Mariner la viande et cuire sur un grill,30-60 minutes,"Viande d’agneau ou de bœuf, huile d’olive, paprika, cumin",250-300 ,20,15,,,https://external-content.duckduckgo.com/iu/?u=https%3A%2F%2Ftasteofmaroc.com%2Fwp-content%2Fuploads%2F2017%2F08%2Fliver-kebabs.jpg&f=1&nofb=1&ipt=ee959d1b108725e36ccaa52a288d93eac0c48dc59975e1067ea14a60aa547e80&ipo=images,,
Burger,Cuire la viande et assembler les ingrédients,15-30 minutes,"Pain à burger, viande hachée, fromage, laitue, tomate",500-700,25,25,,,https://external-content.duckduckgo.com/iu/?u=http%3A%2F%2Fwww.club-sandwich.net%2Fimages%2Fphotorecettes%2Fburger-marocain.jpg&f=1&nofb=1&ipt=49361ea55fc0b4fca53f8edb371a59f59deb4fe168ce1c064c7779560bee86f1&ipo=images,,
Buritto,"Faites cuire la viande (bœuf ou poulet) avec des épices (cumin, paprika, ail).
Faites cuire du riz dans de l'eau salée.
Faites chauffer des haricots noirs en conserve ou cuits.
Chauffez une tortilla de blé.
Montez le burrito : placez une portion de viande, de riz, de haricots, du fromage râpé, de la laitue, du guacamole et de la salsa sur la tortilla.
Roulez la tortilla pour former le burrito.",15-30 minutes,,400-600 ,20-30,15-25,40-60,,https://external-content.duckduckgo.com/iu/?u=https%3A%2F%2Fwww.thedailymeal.com%2Fsites%2Fdefault%2Ffiles%2F2019%2F10%2F11%2FMAIN-burritos-istock.jpg&f=1&nofb=1&ipt=3047244bc1e3a8f51bb93422b4280cf7191ed3c86304beceb8276196b97e35c2&ipo=images,,
Chakchouka,"Dans une poêle, faites revenir des oignons et des poivrons coupés en lamelles.
Ajoutez des tomates coupées et laissez mijoter jusqu'à ce que la sauce épaississe.
Assaisonnez avec du cumin, du paprika et du piment.
Faites des petits puits dans la sauce et cassez un œuf dans chaque puits.
Couvrez la poêle et laissez cuire jusqu'à ce que les œufs soient cuits selon votre préférence.",15-30 minutes,,200-250 ,10-15,10-15,20-25,,https://external-content.duckduckgo.com/iu/?u=https%3A%2F%2Frecettespratiques.com%2Fwp-content%2Fuploads%2F2022%2F12%2FRecette-Chakchouka-Marocaine-300x200.jpg&f=1&nofb=1&ipt=e36bd5c15ee6ad9e7e951e91e1c14be53a9ee08a9ff79b55ed918a5563cf7a10&ipo=images,Maghrébine,Traditionnelle
Champignons à la crème,"Faites fondre du beurre dans une poêle, puis ajoutez de l'ail émincé et des champignons tranchés.
Faites cuire à feu moyen jusqu'à ce que les champignons rendent leur eau et soient dorés.
Ajoutez de la crème fraîche et laissez mijoter quelques minutes pour épaissir la sauce.
Assaisonnez avec du sel, du poivre et du persil frais haché.",15-30 minutes,,150-200,3-5,10-15,5-7,,https://external-content.duckduckgo.com/iu/?u=https%3A%2F%2Fimg.cuisineaz.com%2F660x660%2F2013-12-20%2Fi83457-photo-de-champignons-a-la-creme.jpeg&f=1&nofb=1&ipt=52aa8b7408ce6845284872caed26877b9d0cf23144936cb118bf5dafa934d5a0&ipo=images,,
Chicken & rice,,,,,,,,,,,
Cordon bleu,,,,,,,,,https://external-content.duckduckgo.com/iu/?u=https%3A%2F%2Fcache.cosmopolitan.fr%2Fdata%2Fphoto%2Fw2000_ci%2F5z%2Frecette-cordon-bleu-cyril-lignac.jpg&f=1&nofb=1&ipt=97eb6540c1f219c230a8ee089f316f3e9cb96f2be4a392021a599b3ee5e67bbf&ipo=images,,
Choucroute,"Dans une grande casserole, faites chauffer de l'huile et faites revenir des oignons émincés.
Ajoutez la choucroute et laissez mijoter avec des baies de genièvre et des feuilles de laurier.
Dans une autre poêle, faites cuire les viandes (saucisses, porc, etc.).
Servez la choucroute avec les viandes, et ajoutez des pommes de terre cuites à la vapeur.",1-3 heures,,400-600,25-35 ,20-30,30-40,,https://external-content.duckduckgo.com/iu/?u=http%3A%2F%2Fwww.alsace-terroir.com%2Fmedias%2Fimages%2Frecettes%2F1-choucroute-a-l-alsacienne-1.jpg&f=1&nofb=1&ipt=0dec374bcae8cb371d8f7f8a91609c30e94e7741ad4978eecdb217fe69b9899d&ipo=images,,
Choukrouk,"Faites revenir de la viande (agneau ou poulet) avec des oignons et de l'ail dans une grande casserole.
Ajoutez les légumes coupés (carottes, courgettes) et les pois chiches.
Ajoutez de l'eau ou du bouillon, puis laissez cuire à feu doux.
Ajoutez de la semoule de couscous et laissez cuire jusqu'à ce que tout soit bien cuit.",,,350-450, 20-30 ,10-15 , 50-60 ,,,,
Couscous,"Faites cuire les légumes (carottes, courgettes, navets) dans une grande casserole.
Faites cuire la viande (agneau, poulet ou bœuf) avec des épices comme le cumin et le curcuma.
Ajoutez les pois chiches et l'eau pour créer une base de sauce.
Faites cuire la semoule de couscous en versant un peu d'eau chaude dessus et en l'égrénant à la fourchette.
Servez la semoule avec les légumes, la viande et la sauce.",1-3heures,,400-600 ,25-35,15-25 ,50-60,,https://external-content.duckduckgo.com/iu/?u=https%3A%2F%2Fi0.wp.com%2Foriginalmoroccanfood.com%2Fassets%2Fimages%2Foriginalmoroccanfood57-1400x928-70.jpg&f=1&nofb=1&ipt=0b6e9a29f4bfa278a5dd7b261dfd6e245f633f3522c7dd7d19db4f59df1c0da1&ipo=images,Maghrébine,Traditionnelle
,,,,,,,,,,,
Crêpes à l'avoine,"Mélangez les flocons d’avoine avec le lait et les œufs. Ajoutez une pincée de sel et, si désiré, un peu de miel pour sucrer. Chauffez une poêle avec un peu d’huile et versez une petite louche de pâte. Faites cuire des deux côtés jusqu’à ce qu'elles soient dorées.",10 minutes,"Flocons d’avoine, lait, œufs, miel",200,8,6,25,,https://external-content.duckduckgo.com/iu/?u=https%3A%2F%2Ffatsecretfrance.fr%2Fwp-content%2Fuploads%2F2023%2F01%2Fcrepes-aux-flocons-davoine-1024x1024.png&f=1&nofb=1&ipt=42a95d1930c4a0d9fcb0abdf55cd771907a790210f48fbdcc078deeca19c8e53&ipo=images,,
Crevettes pilpil,"Faites chauffer l'huile d'olive dans une poêle, ajoutez l’ail finement haché et laissez infuser. Ajoutez les crevettes décortiquées, assaisonnez avec du paprika et du piment, puis faites-les sauter jusqu'à cuisson complète. Saupoudrez de persil frais avant de servir.",10 minutes,"Crevettes, huile d'olive, ail, paprika, persil",150,15,10,2,,https://external-content.duckduckgo.com/iu/?u=http%3A%2F%2Fwww.lardoisedesarah.com%2Fwp-content%2Fuploads%2F2020%2F04%2Fc1-min-3-min-min.jpg&f=1&nofb=1&ipt=2db7fe094f05c2cb44aec73bdb3b82f71c1af06c84461fd15dfce60b5df25f88&ipo=images,,
Dinde,,,,,,,,,https://external-content.duckduckgo.com/iu/?u=https%3A%2F%2Fcdn.pratico-pratiques.com%2Fapp%2Fuploads%2Fsites%2F4%2F2020%2F11%2F25123918%2Fdinde-farcie.jpg&f=1&nofb=1&ipt=01cc10ef811d195d0f1f3e1965b2a368acf88dc1a34cf6521a0fd90deeedd35b&ipo=images,,
Dumplings,"Mélangez la viande hachée (ou légumes) avec des épices, de la sauce soja, et de l'ail. Placez une petite cuillerée de farce au centre de chaque pâte à dumpling, pliez et scellez bien. Faites cuire à la vapeur ou faites frire jusqu'à ce qu'ils soient bien dorés.",30-60 minutes,"Pâte dumpling, viande ou légumes, sauce soja, ail",250,10,5,30,,https://external-content.duckduckgo.com/iu/?u=https%3A%2F%2Fthestrongtraveller.com%2Fwp-content%2Fuploads%2F2020%2F12%2Fdumpling-2.jpg&f=1&nofb=1&ipt=8b9d81fe3569cda6a6a848cdcd507021df241cbdea854d0ce817905fa44f2c24&ipo=images,,
Emince de poulet champignon,"Faites revenir le poulet coupé en lamelles dans une poêle chaude avec un peu d'huile. Ajoutez les champignons tranchés, puis versez de la crème pour enrober le tout. Laissez mijoter à feu doux jusqu'à ce que la sauce soit bien crémeuse.",15-30 minutes,"Poulet, champignons, crème, huile",200,20,8,5,,https://external-content.duckduckgo.com/iu/?u=https%3A%2F%2Fwww.circulaire-en-ligne.ca%2Fwp-content%2Fuploads%2Femince-de-poulet-sauce-cremeuse-champignons.jpg&f=1&nofb=1&ipt=5634b84c2f58104670d5fbf99056f3db5beb72379e48f1e6b56653a8db927af7&ipo=images,,
Escalopes de dinde,"Assaisonnez les escalopes de dinde avec du sel, du poivre et des épices comme le paprika et le thym. Faites chauffer une poêle avec un peu d’huile d'olive, et faites cuire les escalopes jusqu’à ce qu'elles soient bien dorées de chaque côté.",15-30 minutes,"Escalopes de dinde, sel, poivre, paprika, huile d'olive",150,20,5,0,,https://external-content.duckduckgo.com/iu/?u=http%3A%2F%2Fwww.lecoteaudessaveurs.fr.fasterimage.io%2F1398-thickbox_default%2Fescalopes-de-dinde.jpg&f=1&nofb=1&ipt=30de9927589a303cbfbc88c9a1e482df7009966f6a263d4e554b7854d5cac715&ipo=images,,
Fajitas,"Coupez le poulet et les poivrons en lanières, puis faites-les sauter avec des épices (cumin, paprika, poivre). Chauffez les tortillas et garnissez-les de poulet, légumes, fromage râpé et de crème, si désiré. Pliez et servez chaud.",15-30 minutes,"Tortillas, poulet, poivrons, fromage, crème ",300,18,10,35,,https://external-content.duckduckgo.com/iu/?u=https%3A%2F%2Fcdn.momsdish.com%2Fwp-content%2Fuploads%2F2021%2F04%2FChicken-Fajitas-011-scaled.jpg&f=1&nofb=1&ipt=54a6553e06cd8ab0ffa87c100d1767a1f5117d8c050e45be7f61dbe532fac875&ipo=images,,
Falafel,"Mixez les pois chiches avec de l’ail, du persil, du cumin et du sel pour obtenir une pâte homogène. Formez des boulettes et faites-les frire dans l’huile jusqu’à ce qu’elles soient dorées et croustillantes.",15-30 minutes,"Pois chiches, ail, persil, cumin, huile",250,10,15,20,,https://external-content.duckduckgo.com/iu/?u=https%3A%2F%2Fstatic01.nyt.com%2Fimages%2F2013%2F10%2F23%2Fdining%2F23JPFLEX2%2F23JPFLEX2-superJumbo.jpg&f=1&nofb=1&ipt=228b656c1234964e1df3664d4ce396a809544af1ee95889aa52c15322d953852&ipo=images,,
Fèves,"Faites cuire les fèves dans l’eau bouillante salée jusqu’à tendreté. Égouttez et assaisonnez avec de l’huile d'olive, du cumin, du sel et un filet de jus de citron avant de servir.",15-30 minutes,"Fèves, huile d'olive, cumin, sel, citron",180,12,5,30,,https://external-content.duckduckgo.com/iu/?u=https%3A%2F%2Fwww.tastygourmandise.com%2Fwp-content%2Fuploads%2F2018%2F10%2Ffeves-recette-marocaine.png&f=1&nofb=1&ipt=1c0cc60d36f4451ff3b2b8bd3975ab823a4f6f084107e9f8a980ab80509931f3&ipo=images,,
Filets de poulet,,,,,,,,,https://external-content.duckduckgo.com/iu/?u=http%3A%2F%2Fwww.toques2cuisine.com%2Fwp-content%2Fuploads%2F2015%2F02%2FFILET-DE-POULET-AU-POIVRE-007.jpg&f=1&nofb=1&ipt=1b826a135cb6a7787c1ca6b5769b816692385f645132f0e180e3b54d024ee164&ipo=images,,
Frites,Pelez et coupez les pommes de terre en bâtonnets. Faites-les frire dans de l’huile chaude jusqu’à ce qu'elles soient dorées et croustillantes. Égouttez et salez avant de servir.,15-30 minutes,"Pommes de terre, huile, sel",300,3,15,40,,https://external-content.duckduckgo.com/iu/?u=https%3A%2F%2Ffrifri-shop.fr%2Fwp-content%2Fuploads%2Fsites%2F6%2F2019%2F07%2FFrifri_Friteuse_Rece_1_1.jpg&f=1&nofb=1&ipt=e5545fda8b2944b99de8da91cf38166071dd98e4c8ae079b410060e9dcc1ec89&ipo=images,,
Friture de poisson,"Assaisonnez le poisson avec du sel, du poivre et du citron. Passez les morceaux dans de la farine, puis faites-les frire dans de l’huile chaude jusqu'à dorure. Égouttez avant de servir avec des quartiers de citron.",15-30 minutes,"Poisson, farine, huile, citron, sel, poivre",250,20,15,5,,https://external-content.duckduckgo.com/iu/?u=https%3A%2F%2Fi.ytimg.com%2Fvi%2F3AyU4vCTCUg%2Fmaxresdefault.jpg&f=1&nofb=1&ipt=5a9e72f9915491b8801e2bb28c4f2fb458664a3f4bc6fc3a7ce1ddb53268fb11&ipo=images,,
Gâteau au chocolat,"Faites fondre le chocolat et le beurre. Ajoutez le sucre et les œufs en mélangeant, puis incorporez la farine. Versez dans un moule et faites cuire au four pendant 20-25 minutes jusqu'à ce qu'un couteau inséré ressorte propre.",30-60 minutes,"Chocolat, beurre, sucre, œufs, farine",400,5,20,50,,https://external-content.duckduckgo.com/iu/?u=https%3A%2F%2Fassets.afcdn.com%2Frecipe%2F20130823%2F35061_w3072h2304c1cx2592cy1728.jpg&f=1&nofb=1&ipt=d74a572d1741bc69cabd49f2304f96a2127901913494010b2ed1ce688996d352&ipo=images,,
Gratin,"Préchauffez le four à 180 °C. Alternez des couches de pommes de terre en tranches avec de la crème, du fromage râpé, de l'ail et des épices dans un plat beurré. Couvrez de fromage et enfournez pendant 45 minutes jusqu'à ce que les pommes de terre soient tendres et le gratin bien doré.",30-60 minutes,"Pommes de terre, crème, fromage, ail, sel, poivre",300-400,8,25,35,,https://external-content.duckduckgo.com/iu/?u=https%3A%2F%2Fimg.cuisineaz.com%2F2015-11-09%2Fi85389-gratin-de-potiron.jpg&f=1&nofb=1&ipt=2aec389086ad7971c0d0101893aba143d150944745be93b5b2b734a11a562345&ipo=images,,
Hamburger,,,,,,,,,https://external-content.duckduckgo.com/iu/?u=https%3A%2F%2Fimg.taste.com.au%2F4bkjKpXm%2Ftaste%2F2016%2F11%2Fbasic-beef-burger_1980x1320-118412-1.jpg&f=1&nofb=1&ipt=6aec089b69d4c555de94e68bd16381ba0e45a891a7647e043989030a05d45e61&ipo=images,,
Harcha,"Mélangez la semoule, le beurre fondu, le sel, et un peu de lait pour obtenir une pâte épaisse. Façonnez en galettes et faites cuire sur une poêle chaude jusqu’à ce qu'elles soient dorées des deux côtés.",15-30 minutes,"Semoule, beurre, lait, sel",250,6,12,30,,https://external-content.duckduckgo.com/iu/?u=https%3A%2F%2Fsosrecette.com%2Fwp-content%2Fuploads%2F2021%2F10%2Fharcha-galette-semoule-marocaine.jpg&f=1&nofb=1&ipt=c2a08f6af922fce23561d26bed415e4c8769a3d50730171c445479039e619c07&ipo=images,,
Haricot,,,,,,,,,https://external-content.duckduckgo.com/iu/?u=https%3A%2F%2Fwww.recettemarocaine365.com%2Fwp-content%2Fuploads%2F2017%2F03%2F0-2.jpg&f=1&nofb=1&ipt=37dbbc12f55c709705d4f0268616c004883b88fde6fd7b286e0cffe03eb3019b&ipo=images,,
Harira,"Faites cuire les lentilles et pois chiches avec des oignons, des tomates, du céleri, du persil et des épices (cumin, paprika, curcuma). Ajoutez des morceaux de viande pour plus de saveur et laissez mijoter. Servez avec un filet de jus de citron et du pain.",1-3 heures,"Lentilles, pois chiches, oignons, tomates, épices, viande",200-250,12,8,30,,https://external-content.duckduckgo.com/iu/?u=https%3A%2F%2Ftasteofmaroc.com%2Fwp-content%2Fuploads%2F2017%2F05%2Fharira-2-moroccan-soup-picturepartners-bigstock.jpg&f=1&nofb=1&ipt=d28056fd3308e0a4cc6f3afe06a0102118c5b84e3f7f3f1eb98182388d2ffe38&ipo=images,Marocaine,Traditionnelle
Indomi,,,,,,,,,https://external-content.duckduckgo.com/iu/?u=https%3A%2F%2Fi.ytimg.com%2Fvi%2FFQeW20dBYww%2Fmaxresdefault.jpg&f=1&nofb=1&ipt=d089012b60eb07136349275175b8bcbade782bf088fe1fcf39ddd6b83b3547c4&ipo=images,,
Kapssa libanaise,"Faites cuire des morceaux de poulet avec des oignons et des épices (curcuma, cumin). Ajoutez du riz, des tomates, des poivrons, et laissez cuire avec du bouillon jusqu’à absorption du liquide. Servez garni de persil et de pignons de pin grillés.",30-60 minutes,"Poulet, riz, tomates, poivrons, épices, pignons",400,15,10,60,,,,
Kebab,"Assaisonnez des morceaux de viande (agneau ou bœuf) avec du sel, du poivre, du cumin, et du paprika. Embrochez avec des oignons et des poivrons et faites griller sur le barbecue ou à la poêle jusqu'à cuisson désirée.",15-30 minutes,"Viande, oignons, poivrons, épices",250-300,20,12,5,,,,
knacki,,,,,,,,,,,
Lasagne,"Faites une sauce bolognaise avec de la viande, des tomates, et des oignons. Préparez une béchamel et alternez des couches de pâte à lasagne avec la sauce et la béchamel dans un plat. Couvrez de fromage râpé et faites cuire au four pendant 30-40 minutes.",1-3 heures,"Pâtes lasagne, viande, tomates, béchamel, fromage",500,25,20,50,,https://external-content.duckduckgo.com/iu/?u=https%3A%2F%2Fwww.galbani.fr%2Fwp-content%2Fuploads%2F2017%2F07%2Fshutterstock_142426168.jpg&f=1&nofb=1&ipt=dd4babc5ce53cacb091252794351fa38fe536320484eed47712eaa6a7a2c3eb6&ipo=images,,
Légumes,,,,,,,,,,,
Légumes sautés,"Coupez des légumes variés (poivrons, courgettes, carottes) en morceaux. Faites-les sauter dans un peu d’huile d’olive avec de l'ail, du sel et du poivre jusqu'à ce qu'ils soient tendres et légèrement dorés.",15-30 minutes,"Poivrons, courgettes, carottes, huile d’olive, ail",150,2,10,20,,,,
Légumineuses,"Faites cuire des légumineuses (lentilles, pois chiches, haricots) avec de l'ail, des oignons et des épices comme le cumin et le curcuma. Servez avec un filet d’huile d’olive et du persil.",30-60 minutes,"Lentilles, pois chiches, haricots, oignons, épices",200-250,12,5,35,,,,
Lentilles,"Faites revenir des oignons, de l'ail, des tomates et des épices (cumin, paprika) dans un peu d'huile. Ajoutez les lentilles, couvrez d'eau et laissez mijoter jusqu'à ce qu'elles soient tendres. Ajoutez un filet d'huile d'olive et du persil frais avant de servir.",30-60 minutes,"Lentilles, oignons, tomates, ail, huile, épices",180,10,5,30,,,,
Loubia,"Faites cuire les haricots blancs dans de l'eau avec de l'ail, des tomates, et des épices (paprika, cumin). Laissez mijoter jusqu’à ce que les haricots soient tendres et la sauce épaissie. Servez chaud avec du persil frais.",1-3 heures,"Haricots blancs, ail, tomates, épices",200,12,4,30,,,,
Manti,,,,,,,,,,,
Mechoui ,"Assaisonnez un agneau entier ou des morceaux avec du sel, du poivre, et des épices (cumin, paprika). Faites griller lentement à la broche ou au four, en badigeonnant d’huile régulièrement pour garder la viande tendre et juteuse.",Plus,"Agneau, huile, sel, poivre, cumin, paprika",400,30,25,0,,,,
Medfouna,,,,,,,,,,,
Mrouzia,"Faites mariner des morceaux d'agneau avec des épices (ras el hanout, cannelle), du miel, et des amandes. Faites cuire lentement dans une marmite jusqu'à ce que la viande soit tendre et enrobée d’une sauce épaisse et sucrée.",1-3 heures,"Agneau, miel, amandes, ras el hanout, cannelle",500,25,30,20,,,,
Msemen,"Mélangez de la farine, de la semoule, de l'eau et du sel pour former une pâte. Divisez en boules, étalez-les finement avec de l'huile, et pliez-les en carrés. Faites cuire sur une poêle chaude avec un peu d'huile jusqu'à ce qu'elles soient dorées et croustillantes.",15-30 minutes,"Farine, semoule, huile, sel",250,5,10,35,,,,
Ndole,"Faites cuire des feuilles de ndolé avec des arachides écrasées, de l'ail, de l'oignon, et des épices. Ajoutez de la viande (bœuf ou poisson) si désiré, et laissez mijoter jusqu'à obtenir une consistance épaisse et savoureuse. Servir avec du plantain frit ou du manioc.",1-3 heures,"Ndolé, arachides, oignons, ail, épices, viande (facultatif)",300,15,20,20,,https://external-content.duckduckgo.com/iu/?u=https%3A%2F%2Fconstancemagazine.com%2Fwp-content%2Fuploads%2F2019%2F11%2FNdole.jpg&f=1&nofb=1&ipt=bf8f52a81bc364c33b4d04f89c292c89145db0a4c6c47951fb88c5f9602f0492&ipo=images,,
Nfouk-owone,"Faites cuire les feuilles de manioc pilées avec des arachides moulues, de l'ail et des oignons. Ajoutez de la viande fumée (facultatif) pour un goût supplémentaire et laissez mijoter jusqu'à épaississement. Servez avec du plantain ou du riz.",1-3 heures,"Feuilles de manioc, arachides, ail, oignons, viande",280,10,18,25,,,,
Njapche,"Faites revenir de la viande (poulet ou bœuf) avec des épices et des légumes (poivrons, oignons). Ajoutez les feuilles d’épinard ou d'autres légumes verts. Laissez mijoter jusqu'à tendreté. Servez avec du plantain ou du riz.",1-3 heures,"Viande, épinards, poivrons, oignons, épices",300,20,10,20,,,,
Nouilles instantanées,"Faites bouillir de l'eau et ajoutez les nouilles. Incorporez le sachet de saveurs et laissez mijoter jusqu'à ce que les nouilles soient tendres. Ajoutez des légumes frais, des œufs ou du poulet pour un repas plus complet.	",15-30 minutes,"Nouilles instantanées, légumes, œufs (optionnel)	",350,7,15,45,,,,
Œufs,"Cassez les œufs dans une poêle chaude avec un peu d'huile, assaisonnez avec du sel et du poivre, et faites-les cuire selon votre goût (brouillés, au plat ou durs).	",15-30 minutes,"Œufs, sel, poivre, huile	",100,7,7,1,,,,
Okok,"Faites cuire des feuilles de manioc pilées avec des arachides écrasées, de l'oignon et de l'ail. Ajoutez de la viande ou du poisson fumé si désiré, puis laissez mijoter jusqu'à obtenir une consistance épaisse. Servez avec du manioc ou du plantain.	",1-3 heures,"Feuilles de manioc, arachides, oignon, ail, viande",280,12,20,20,,,,
Légumes sautés.,,,,,,,,,,,
Omelette,"Battez les œufs dans un bol avec un peu de lait, du sel et du poivre. Versez dans une poêle chaude avec de l’huile et faites cuire jusqu'à ce que l'omelette soit dorée et gonflée. Ajoutez des légumes ou du fromage si désiré.	",15-30 minutes,"Œufs, lait, sel, poivre, huile",150,10,12,2,,,,
Overnight oats,,,,,,,,,,,
Pad thaï,,,,,,,,,,,
Paella,"Faites revenir des morceaux de poulet, des fruits de mer, et des légumes (poivrons, petits pois). Ajoutez du riz et du safran, puis faites cuire dans du bouillon jusqu'à absorption complète du liquide. Garnissez avec des fruits de mer et du persil avant de servir.	",30-60 minutes,"Riz, poulet, fruits de mer, poivrons, safran, bouillon",450,25,12,60,,,,
Panini,"Coupez une baguette en deux, garnissez-la de fromage, de jambon, de tomates et de légumes. Passez dans un appareil à panini jusqu'à ce que le pain soit croustillant et le fromage fondu.        ",15-30 minutes,"Baguette, fromage, jambon, tomates, légumes",400,15,15,45,,,,
Pastichio,"Faites cuire des pâtes et mélangez-les avec de la viande hachée, des tomates et des épices. Couvrez de béchamel et de fromage râpé dans un plat à gratin. Faites cuire au four jusqu'à ce que le dessus soit doré.	",1-3 heures,"Pâtes, viande hachée, tomates, béchamel, fromage",600,20,25,70,,,,
Pastilla,"Garnissez des feuilles de brick de poulet effiloché, d'amandes grillées, et d'épices comme la cannelle et le safran. Pliez les feuilles en forme de pastilla, badigeonnez d'œuf et faites cuire au four jusqu'à dorure. Saupoudrez de sucre glace avant de servir.	",1-3 heures,"Feuilles de brick, poulet, amandes, cannelle, sucre glace	",450,20,15,50,,https://external-content.duckduckgo.com/iu/?u=https%3A%2F%2Fwww.foodeals.ma%2Fblog%2Fwp-content%2Fuploads%2F2020%2F03%2Fseafood-bastilla-bigstock-picturepartners-scaled.jpg&f=1&nofb=1&ipt=bbd663a43b232bc400fc08396101d973fb622576cdedbb54a9513c2456199f12&ipo=images,,
Pastilla au Fruit de mer,"Garnissez des feuilles de brick de fruits de mer (crevettes, calamars), d'épices (paprika, safran) et d’un mélange de vermicelles de riz. Pliez en forme de pastilla, badigeonnez d'œuf et faites cuire jusqu'à dorure.	",1-3 heures,"Feuilles de brick, crevettes, calamars, vermicelles de riz	",400,18,12,45,,,,
Pastilla au poisson,"Garnissez des feuilles de brick avec un mélange de poisson blanc émietté, de fruits de mer (crevettes ou calamars), d’épices (paprika, cumin), et de vermicelles de riz. Pliez en pastilla, badigeonnez d’œuf et faites cuire au four jusqu’à dorure.	",1-3 heures,"Feuilles de brick, poisson, vermicelles, épices",400,20,12,40,,,,
Pâtes,"Faites cuire des pâtes dans de l’eau salée. Préparez une sauce avec des tomates, de l’ail, des oignons, et du basilic. Mélangez les pâtes avec la sauce et garnissez de fromage râpé avant de servir.	",15-30 minutes,"Pâtes, tomates, ail, oignons, basilic, fromage	",350,10,8,60,,,,
Pavé de saumon,"Assaisonnez le saumon avec du sel, du poivre et du citron. Faites-le cuire à la poêle ou au four avec un peu d’huile d’olive jusqu’à ce qu’il soit tendre. Servez avec des légumes vapeur ou du riz.	",15-30 minutes,"Saumon, citron, huile d’olive, légumes",350,25,15,20,,,,
Pizza,"Étalez une pâte à pizza, garnissez-la de sauce tomate, de fromage râpé, et d'autres ingrédients (jambon, légumes, champignons). Faites cuire au four à 220 °C jusqu’à ce que la pâte soit dorée et le fromage fondu.	",15-30 minutes,"Pâte à pizza, sauce tomate, fromage, garnitures au choix",500,15,20,60,,,,
Plats escalope de dinde,"Assaisonnez des escalopes de dinde avec du sel, du poivre, et des épices. Faites-les griller ou cuire dans une poêle avec un peu d’huile jusqu’à ce qu’elles soient bien dorées. Servez avec des légumes ou une salade.	",15-30 minutes,"Escalopes de dinde, huile, sel, poivre, légumes (optionnel)",200,30,5,5,,,,
Pomme de terre aux olives,,,,,,,,,,,
Pois chiche,"Faites cuire des pois chiches secs ou utilisez des pois chiches en conserve. Ajoutez de l’ail, du jus de citron, de l’huile d’olive et des épices (cumin, paprika). Servez en salade ou en accompagnement.	",15-30 minutes,"Pois chiches, ail, citron, huile d’olive, épices	",250,10,8,35,,,,
Pois chiche à la marocaine,"Faites mijoter des pois chiches avec des tomates, de l’ail, des oignons, et des épices (cumin, paprika, curcuma). Laissez cuire jusqu’à ce que la sauce soit épaisse et parfumée. Servez chaud avec du pain.	",30-60 minutes,"Pois chiches, tomates, oignons, ail, épices	",300,12,6,40,,,,
Poisson ,"Faites cuire un poisson entier (dorade ou bar) au four avec des épices, de l’huile d’olive, du citron, et des herbes fraîches (persil ou coriandre). Servez avec des légumes ou du riz.	",30-60 minutes,"Poisson, citron, huile d’olive, épices, herbes	",250,25,8,20,,,,
Poisson grillé,"Faites mariner un poisson entier ou des filets avec du citron, de l’ail, et des épices (cumin, paprika). Faites griller sur un barbecue ou à la poêle jusqu’à ce qu’il soit cuit et légèrement croustillant.	",15-30 minutes,"Poisson, citron, ail, épices	",220,22,8,0,,,,
Poulet,"Faites cuire des morceaux de poulet (cuisses ou filets) avec des épices et des légumes. Pour une version rôtie, assaisonnez avec du sel, du poivre, et des herbes, et faites cuire au four jusqu’à ce que la peau soit dorée et croustillante.	",30-60 minutes,"Poulet, épices, légumes (optionnel)	",300,25,10,5,,,,
Poulet avec légumes sautés,"Cuisson du poulet : Faites cuire des morceaux de poulet (poitrine, cuisses, ou ailes) dans une poêle avec un peu d'huile d'olive. Assaisonnez avec du sel, du poivre et des herbes de Provence ou du paprika. Faites cuire jusqu'à ce que le poulet soit bien doré et cuit à l'intérieur.
Préparation des légumes : Coupez des légumes comme des carottes, des courgettes, des poivrons et des champignons en morceaux.
Sauter les légumes : Dans une autre poêle, faites sauter les légumes dans de l'huile d'olive jusqu'à ce qu'ils soient tendres mais encore croquants. Vous pouvez ajouter de l'ail, du sel, du poivre et des herbes pour plus de saveur.
Assemblage : Servez le poulet accompagné des légumes sautés.                       autrement:                                                                                                               Préparation des ingrédients :

Couper les légumes (carottes, courgettes, poivron) en morceaux de taille similaire pour assurer une cuisson uniforme.
Couper le poulet en morceaux ou en lanières de taille égale pour une cuisson rapide.
Cuisson du poulet :

Chauffer 1 cuillère à soupe d’huile d’olive dans une grande poêle ou un wok à feu moyen-vif.
Ajouter le poulet coupé, assaisonner avec du sel et du poivre, puis faire sauter jusqu’à ce qu’il soit bien doré et cuit à cœur (environ 8-10 minutes).
Retirer le poulet de la poêle et réserver.
Cuisson des légumes :

Dans la même poêle, ajouter la deuxième cuillère à soupe d’huile d’olive.
Ajouter l’ail et l’oignon, faire revenir 2 minutes jusqu’à ce qu’ils deviennent translucides.
Ajouter les autres légumes (carottes, courgettes, poivron) et faire sauter à feu moyen pendant 5-7 minutes jusqu'à ce qu'ils soient légèrement tendres mais encore croquants.
Assemblage :

Remettre le poulet dans la poêle avec les légumes.
Ajouter la sauce soja et le miel, puis mélanger pour bien enrober le tout. Laisser cuire encore 2-3 minutes pour que la sauce caramélise légèrement.
Ajuster l’assaisonnement avec du sel et du poivre si nécessaire",30-60 minutes,"Pour 4 personne: 4 filets de poulet (environ 600 g)
1 carotte, coupée en julienne
1 courgette, coupée en rondelles
1 poivron rouge, coupé en lamelles
1 oignon, émincé
2 gousses d'ail, hachées
2 cuillères à soupe d'huile d'olive
2 cuillères à soupe de sauce soja
1 cuillère à soupe de miel
Sel et poivre au goût
Quelques brins de persil ou de coriandre pour la garniture",350-400,35,14,20,,,,
Poulet farci,"Préparation de la farce : Mélangez de la viande hachée (poulet, porc ou bœuf), des oignons hachés, de l'ail, du riz cuit, des herbes (thym, romarin), et un peu de bouillon ou d'œuf pour lier.
Farcir le poulet : Prenez un poulet entier, assaisonnez-le à l'intérieur et à l'extérieur avec du sel, du poivre, du paprika et des herbes. Farcissez le poulet avec la préparation.
Cuisson : Faites cuire le poulet farci au four à 180°C pendant environ 1h30 à 2h, en le badigeonnant régulièrement d'huile d'olive ou de beurre pour qu'il soit doré et moelleux.",1-3 heures,"1 poulet entier
200g de viande hachée (poulet, bœuf ou porc)
1 oignon, haché
100g de riz cuit
Ail, sel, poivre, cumin, cannelle
Bouillon de poulet (optionnel)",350-450,35,20,10,,,,
Poulet frit,"Préparation du poulet : Découpez le poulet en morceaux (cuisses, ailes, blancs) et assaisonnez-le avec du sel, du poivre, de l'ail en poudre, du paprika, et du cumin.
Panure : Trempez les morceaux de poulet dans de la farine, puis dans un mélange d'œufs battus, et enfin dans de la chapelure.
Friture : Faites chauffer de l'huile dans une grande poêle ou une friteuse et faites frire les morceaux de poulet jusqu'à ce qu'ils soient bien dorés et cuits à l'intérieur (environ 10-15 minutes par morceau).
Égoutter : Placez le poulet sur du papier absorbant pour éliminer l'excès d'huile.",30-60 minutes,"4 morceaux de poulet (cuisses ou ailes)
1 tasse de farine
2 œufs
Chapelure
Sel, poivre, paprika, ail en poudre
Huile pour friture",450-550,30,30,20,,,,
Poulet rôti ,"Préparation du poulet : Préchauffez le four à 200°C. Assaisonnez le poulet entier avec du sel, du poivre, du paprika, du citron, et de l'ail. Vous pouvez aussi insérer des herbes fraîches (romarin, thym) dans le poulet.
Rôtir : Placez le poulet dans un plat allant au four et faites-le cuire pendant environ 1h30, en le retournant à mi-cuisson pour qu'il soit bien doré de chaque côté.
Vérification : Vérifiez que la viande est bien cuite en insérant un thermomètre dans la partie la plus épaisse du poulet (la température interne doit atteindre 75°C).",1-3 heures,"1 poulet entier
2 gousses d'ail, hachées
1 citron
Herbes de Provence (thym, romarin)
3 cuillères à soupe d'huile d'olive
Sel et poivre",350-450,30,20,2,,,,
Purée,"Cuisson des pommes de terre : Pelez et coupez les pommes de terre en morceaux. Faites-les cuire dans de l'eau bouillante salée pendant 20 minutes ou jusqu'à ce qu'elles soient tendres.
Écraser les pommes de terre : Égouttez les pommes de terre et écrasez-les à l'aide d'un presse-purée ou d'une fourchette.
Ajout de beurre et de lait : Ajoutez du beurre, du lait (ou de la crème pour une texture plus riche), du sel et du poivre. Mélangez jusqu'à obtenir une purée lisse et crémeuse.",30-60 minutes,"4 pommes de terre
50g de beurre
100 ml de lait
Sel et poivre",150-200,3,8,25,,,,
Raclette,"Cuisson des pommes de terre : Faites cuire des pommes de terre dans de l'eau bouillante jusqu'à ce qu'elles soient tendres.
Préparation des accompagnements : Coupez des tranches de fromage à raclette, préparez des charcuteries (jambon, saucisson, viande des Grisons) et des légumes (cornichons, oignons, etc.).
Raclette : Placez le fromage sur un appareil à raclette et faites fondre les tranches de fromage. Servez avec les pommes de terre et les accompagnements.",30-60 minutes,"200g de fromage à raclette par personne
Pommes de terre
Charcuteries (jambon, salami, viande des Grisons)
Cornichons, oignons au vinaigre",600-800,25,50,30,,,,
Ratatouille,"Préparation des légumes : Coupez les légumes en petits dés (courgettes, aubergines, poivrons, tomates, oignons).
Cuisson : Faites chauffer de l'huile d'olive dans une grande poêle. Commencez par faire revenir les oignons et les poivrons, puis ajoutez les aubergines et les courgettes. Enfin, ajoutez les tomates et laissez mijoter pendant 30 minutes. Assaisonnez avec du sel, du poivre, de l'ail, du basilic et du thym.
Servir : Servez chaud, accompagné de riz ou de pain.",30-60 minutes,"2 courgettes
2 aubergines
1 poivron rouge
3 tomates
1 oignon
Ail, huile d'olive, herbes de Provence
",150-180,3,10,20,,,,
Ravioli,"Préparation de la pâte : Si vous préparez des raviolis maison, mélangez de la farine, des œufs et un peu d'huile d'olive pour faire une pâte lisse. Étalez la pâte et découpez des carrés.
Garniture : Préparez la garniture de votre choix, comme du fromage ricotta et des épinards, ou de la viande hachée cuite.
Cuisson : Faites cuire les raviolis dans de l'eau bouillante salée pendant environ 3-5 minutes.
Sauce : Servez avec une sauce tomate ou une sauce à la crème.",30-60 minutes,"Raviolis frais ou secs (fromage, viande, légumes)
Sauce tomate ou sauce à la crème
Parmesan râpé (facultatif)",300-350,12,15,30,,,,
Rfissa,"Cuisson de la viande : Faites revenir du poulet dans une grande casserole avec des oignons, de l'ail, et des épices (cumin, gingembre, curcuma). Ajoutez un peu de bouillon et laissez mijoter.
Préparation de la pâte : Préparez des msemen (pâte feuilletée marocaine) ou des feuilles de brick, puis coupez-les en morceaux.
Assemblage : Lorsque le poulet est bien cuit, placez les morceaux de pâte dans le fond du plat, puis versez la viande et le bouillon par-dessus. Laissez cuire à feu doux jusqu'à ce que la pâte absorbe le bouillon.",1-3 heures,"1 poulet
2 oignons
200g de lentilles
100g de vermicelles ou msemen
Cumin, gingembre, curcuma
Bouillon de poulet",350-450,30,12,45,,,,
Risotto,"Préparation de la base : Faites revenir des oignons hachés dans du beurre ou de l'huile d'olive jusqu'à ce qu'ils soient tendres.
Cuisson du riz : Ajoutez du riz arborio et faites-le revenir pendant 1-2 minutes. Ajoutez petit à petit du bouillon chaud, en remuant constamment. Laissez le riz absorber le liquide avant d'en ajouter davantage.
Finalisation : Une fois que le riz est cuit et crémeux, ajoutez du parmesan râpé et du beurre pour une texture encore plus crémeuse.",30-60 minutes,"200g de riz arborio
1 oignon, haché
1L de bouillon de légumes ou de poulet
100g de parmesan râpé
Beurre et huile d'olive",350-450,8,18,50,,,,
Riz,"Cuisson du riz : Rincez le riz à l'eau froide, puis faites-le cuire dans de l'eau bouillante salée pendant environ 10-15 minutes. Égouttez-le.
Assaisonnement : Ajoutez un peu de beurre ou d'huile d'olive pour plus de saveur.",15-30 minutes,"200g de riz basmati
400ml d'eau
Sel",200-250,5,0,45,,,,
Riz à la ratatouille,"Préparation du riz : Faites cuire du riz comme indiqué ci-dessus.
Préparation de la ratatouille : Suivez la recette de la ratatouille, en la faisant cuire avec des légumes comme des tomates, des courgettes, des aubergines, et des poivrons.
Assemblage : Mélangez le riz cuit avec la ratatouille et servez chaud.",30-60 minutes,"200g de riz
1 courgette, 1 aubergine, 1 poivron
2 tomates
Ail, huile d'olive",250-300,6,10,40,,https://external-content.duckduckgo.com/iu/?u=https%3A%2F%2Fwww.rhizomecollective.org%2Fwp-content%2Fuploads%2F2015%2F09%2Fratatouille-au-riz.jpg&f=1&nofb=1&ipt=b4b86baff5be7d1eb2135c8cbc8f8e6aa0c6b628db9cb8e101fd946d16b2b194&ipo=images,,
Riz avec du poulet,"Cuisson du poulet : Faites cuire des morceaux de poulet dans une poêle avec des épices (cumin, curcuma, paprika). Ajoutez de l'ail et de l'oignon hachés.
Cuisson du riz : Faites cuire le riz séparément.
Assemblage : Mélangez le riz et le poulet, puis servez chaud avec une sauce au choix.",30-60 minutes,"200g de riz
2 cuisses de poulet
Oignon, ail
Épices (curcuma, paprika)",400 - 500,30,20,45,,,,
Riz basmati,"Cuisson du riz basmati : Rincez bien le riz à l'eau froide, puis faites-le cuire dans de l'eau bouillante salée pendant environ 10-12 minutes. Égouttez et laissez reposer quelques minutes.
",15-30 minutes,"200g de riz basmati
400ml d'eau
Sel",200 - 250,5,0,45,,,,
Riz sénégalais,"Cuisson du riz : Faites cuire le riz basmati ou riz long grain avec un bouillon de légumes ou de poulet.
Préparation de la sauce : Faites revenir de l'oignon, de l'ail, des tomates et du piment dans de l'huile d'olive. Ajoutez des légumes (carottes, poivrons) et un peu de viande ou du poisson si vous le souhaitez.
Mélange : Mélangez le riz avec la sauce pour un riz savoureux.",30-60 minutes,"200g de riz
300g de poisson ou viande
2 tomates, poivron, oignon
Bouillon
Piment (facultatif)",400 -500,30,15,50,,,,
Rziza,"Cuisson de la viande : Faites revenir l'oignon haché dans un peu de beurre ou d'huile d'olive. Ajoutez la viande hachée (agneau ou poulet), assaisonnez avec des épices comme la cannelle, le cumin, et le gingembre. Laissez cuire jusqu'à ce que la viande soit bien dorée.
Préparation de la pâte : Faites fondre le beurre dans une poêle. Découpez les feuilles de brick ou de pâte filo en petits morceaux et superposez-les. Faites-les légèrement frire dans le beurre fondu jusqu'à ce qu'elles soient dorées et croustillantes.
Assemblage : Une fois la viande cuite, farcissez les feuilles de brick avec cette préparation. Enroulez-les comme des cigares ou des rouleaux.
Finalisation : Si vous le souhaitez, saupoudrez de sucre glace et de cannelle pour un effet sucré.
",1-3 heures,"200g de feuilles de brick
300g de viande hachée (agneau ou poulet)
1 oignon
Épices : cannelle, cumin, gingembre
50g de beurre fondu
50g de sucre glace (optionnel)",250,15,15,20,,,,
Salade,"Lavage des légumes : Lavez bien la laitue, les tomates et les concombres. Coupez-les en morceaux.
Assemblage : Dans un grand saladier, ajoutez la laitue coupée, les tomates, et les concombres. Vous pouvez ajouter des légumes supplémentaires selon vos préférences.
Assaisonnement : Arrosez la salade d'huile d'olive, ajoutez du sel et du poivre. Vous pouvez ajouter un peu de vinaigre ou du jus de citron pour plus de fraîcheur",15-30 minutes,"Laitue, tomates, concombres
1 cuillère à soupe d'huile d'olive
Vinaigre, sel, poivre",20,1,1,4,,,,
Salade César,"Cuisson des croûtons : Coupez des tranches de pain en petits cubes. Faites-les revenir dans un peu de beurre ou d'huile d'olive jusqu'à ce qu'ils soient dorés et croquants.
Préparation de la vinaigrette : Dans un bol, mélangez la mayonnaise, l'ail haché, le vinaigre, le parmesan râpé, et un peu de moutarde. Assaisonnez de sel et de poivre.
Assemblage : Dans un grand saladier, mélangez la laitue romaine coupée, les croûtons et le parmesan râpé. Ajoutez la vinaigrette et mélangez bien.
4. Salade de fruits
",15-30 minutes,"1 tête de laitue romaine
50g de croûtons
30g de fromage parmesan
2 cuillères à soupe de mayonnaise
1 cuillère à soupe de vinaigre
1 gousse d'ail",180,4,15,5,,,,
Salade de fruits,"Préparation des fruits : Pelez et coupez les fruits en morceaux (bananes, pommes, oranges, kiwis, etc.).
Mélange : Mélangez tous les fruits dans un grand saladier.
Assaisonnement : Vous pouvez ajouter un peu de jus de citron ou de miel pour apporter de la douceur. Mélangez et servez bien frais.",15-30 minutes,"1 banane
1 pomme
1 orange
1 kiwi
Jus de citron (optionnel)",60,1,0,15,,,,
Salade de riz,"Cuisson du riz : Faites cuire le riz selon les instructions du paquet, puis laissez-le refroidir.
Préparation des légumes : Coupez en petits morceaux le poivron, la tomate, et autres légumes de votre choix (par exemple du concombre).
Assemblage : Dans un saladier, mélangez le riz refroidi avec les légumes coupés. Ajoutez le maïs en boîte.                                                        Assaisonnement : Arrosez d'huile d'olive et de vinaigre. Salez et poivrez selon votre goût.",15-30 minutes,"200g de riz
1 poivron
1 tomate
1 boîte de maïs
2 cuillères à soupe d'huile d'olive
Vinaigre, sel, poivre",120,2,3,22,,,,
Salade marocaine,"Préparation des légumes : Lavez et coupez les tomates, concombres, poivrons, et oignons en petits morceaux.
Assemblage : Mélangez tous les légumes dans un saladier.
Assaisonnement : Ajoutez l'huile d'olive, le jus de citron, et assaisonnez avec du cumin et du paprika pour donner un goût marocain authentique.
",15-30 minutes,"2 tomates
1 concombre
1 poivron
1 oignon
2 cuillères à soupe d'huile d'olive
Jus de citron
Cumin, paprika",8,4,1,8,,,,
Salade mexicaine,"Préparation des légumes : Lavez et coupez les tomates, l’avocat, et les poivrons en petits morceaux.
Mélange des ingrédients : Ajoutez les haricots noirs en boîte, le maïs, et les légumes coupés dans un saladier.
Assaisonnement : Arrosez de jus de lime et ajoutez de la coriandre fraîche hachée. Vous pouvez ajouter un peu de chili si vous aimez les plats épicés.",15-30 minutes,"1 boîte de haricots noirs
1 boîte de maïs
2 tomates
1 avocat
Jus de lime
Coriandre fraîche",120,4,5,18,,,,
Salade mixte,"Préparation des légumes : Lavez et coupez la laitue, les tomates, les concombres, les carottes (râpées) et les radis en fines tranches.
Assemblage : Mélangez tous les légumes dans un saladier.
Assaisonnement : Arrosez d’huile d'olive, de vinaigre, de sel et de poivre au goût.",15-30 minutes,"Laitue, tomates, concombres
1 carotte râpée
3 radis
1 cuillère à soupe d'huile d'olive
Vinaigre, sel, poivre",30,1,2,5,,,,
Salade niçoise,"La salade niçoise est composée de légumes frais comme des tomates, des haricots verts, des œufs durs, des pommes de terre, des olives noires, et des filets de thon (frais ou en conserve). Elle est généralement accompagnée d'une vinaigrette à base d'huile d'olive, de vinaigre et de moutarde.",15-30 minutes,"1 boîte de thon (ou thon frais grillé)
2 œufs durs
4 tomates
100g de haricots verts
4 pommes de terre
1 poignée d'olives noires
1 cuillère à soupe de moutarde
3 cuillères à soupe d'huile d'olive
Vinaigre, sel, poivre",150,10,12,7,,,,
Salade verte,"Une salade verte est généralement composée de laitue, roquette, épinards, ou d'autres feuilles vertes. Elle peut être assaisonnée d'une vinaigrette légère avec du vinaigre, de l'huile d'olive, du sel, et du poivre.",15-30 minutes,"Laitue, roquette ou épinards (au choix)
1 cuillère à soupe d'huile d'olive
Vinaigre, sel, poivre",20,1,1,4,,,,
Sandwich,"Un sandwich classique se compose de deux tranches de pain garnies de divers ingrédients tels que du fromage, de la charcuterie, des légumes (salade, tomate), et des condiments comme de la moutarde ou de la mayonnaise.",15-30 minutes,"2 tranches de pain (blanc, complet, ou baguette)
50g de jambon, poulet ou dinde
1 tranche de fromage (cheddar, emmental, etc.)
Légumes : tomate, salade
Condiments : moutarde, mayonnaise",250,10,8,30,,,,
Sandwich au thon,"Ce sandwich contient du thon en conserve, mélangé avec de la mayonnaise, de la moutarde et des légumes (souvent des tomates ou des cornichons). Il est souvent servi avec des tranches de pain de mie.",15-30 minutes,"1 boîte de thon en conserve
2 cuillères à soupe de mayonnaise
1 cuillère à soupe de moutarde
1 tomate, des cornichons (optionnel)
2 tranches de pain",180,14,10,5,,,,
Sardine,"Les sardines peuvent être grillées ou cuites au four. Elles sont souvent assaisonnées avec de l'huile d'olive, du sel, du poivre et des herbes, comme du romarin ou du thym.",15-30 minutes,"4 sardines entières (frais ou en conserve)
2 cuillères à soupe d'huile d'olive
1 citron
Sel, poivre, herbes (romarin, thym)",210,25,12,0,,,,
Sardine grillée,"Pour des sardines grillées, placez-les sur un grill chaud après les avoir assaisonnées avec de l'huile d'olive, du sel, du poivre et du jus de citron. Vous pouvez les servir avec des légumes grillés ou une salade.",15-30 minutes,"4 sardines fraîches
2 cuillères à soupe d'huile d'olive
1 citron
Sel, poivre, herbes (romarin, thym)",220,25,13,0,,,,
Seffa Medfouna,"Seffa Medfouna est un plat traditionnel marocain composé de semoule de blé cuite à la vapeur (semoule couscous), souvent garnie de viande (agneau, poulet) cuite avec des épices et parfois des fruits secs comme des raisins ou des amandes. Le tout est ensuite recouvert d'un mélange sucré de cannelle et de sucre.",1-3 heures,"500g de semoule de blé (couscous)
500g de viande (poulet ou agneau)
1 oignon
1 poignée de raisins secs
1 poignée d'amandes
Épices : cannelle, cumin, gingembre
2 cuillères à soupe de sucre
2 cuillères à soupe d'huile d'olive",200,9,7,25,,,,
Shawarmas,"Le Shawarma est une spécialité du Moyen-Orient qui consiste en de la viande (souvent de l'agneau, du poulet ou du bœuf) marinée dans un mélange d’épices comme le cumin, le paprika, l'ail, et du yaourt, puis grillée sur une broche. La viande est ensuite découpée en fines tranches et servie dans un pain pita avec des légumes et des sauces (comme la sauce à l'ail).
",1-3 heures,"500g de viande (poulet, bœuf ou agneau)
1 oignon
2 gousses d'ail
2 cuillères à soupe de yaourt nature
Épices : cumin, paprika, coriandre, curcuma, cannelle
4 pains pita
Légumes : tomates, concombre, salade",150,20,8,5,,,,
Soupe,"Une soupe de base peut être faite avec des légumes (carottes, céleri, poireaux, pommes de terre), de l'eau ou du bouillon, et des épices légères comme du sel, du poivre et des herbes. Vous pouvez également y ajouter des protéines comme du poulet ou des lentilles.",30-60 minutes,"2 carottes
1 poireau
2 pommes de terre
1 oignon
Bouillon de légumes ou d’eau
Sel, poivre, herbes aromatiques",40,1,0,9,,,,
Soupe au poisson,"Préparez un bouillon avec des têtes de poisson et des légumes (carottes, céleri, oignons), puis faites cuire le poisson dans ce bouillon. Ajoutez des épices comme le safran et du persil frais pour rehausser le goût.",1-3 heures,"500g de poisson blanc (merlu, colin, etc.)
2 carottes
1 oignon
2 gousses d'ail
Épices : safran, coriandre
Bouillon de poisson",80,15,2,4,,,,
Soupe d'orge,"Faites cuire de l’orge dans de l’eau ou du bouillon avec des légumes comme les carottes, le céleri et les oignons. Vous pouvez ajouter de la viande ou des lentilles pour plus de consistance.",30-60 minutes,"1 tasse d’orge
2 carottes
1 oignon
2 branches de céleri
Bouillon de légumes",60,2,1,12,,,,
Soupe de légumes,"Dans une grande marmite, faites revenir des oignons et de l’ail, ajoutez des légumes de saison (poireaux, carottes, pommes de terre, courgettes, etc.), puis couvrez avec de l’eau ou du bouillon. Laissez mijoter jusqu’à ce que les légumes soient tendres.",30-60 minutes,"2 carottes
2 pommes de terre
1 poireau
1 courgette
1 oignon
Bouillon de légumes",40,1,0,9,,,,
Spaghetti,"Cuire des pâtes spaghetti dans de l'eau salée. Servez avec une sauce tomate maison ou une sauce bolognaise, ou encore avec une sauce à base de crème et de beurre.", 20 à 30 minutes.,"2 carottes
2 pommes de terre
1 poireau
1 courgette
1 oignon
Bouillon de légumes",130,5,2,25,,,,
Steak,"Faites cuire un steak de bœuf (ou autre viande) dans une poêle ou au grill, assaisonnez avec du sel, du poivre, et éventuellement du beurre ou de l'huile d'olive.",15-30 minutes,"200g de steak (bœuf, agneau, etc.)
Sel, poivre
Beurre ou huile d'olive",250,26,18,0,,,,
Steak de bœuf avec quinoa,Cuire un steak de bœuf à votre convenance et servir avec du quinoa cuit. Vous pouvez ajouter des légumes grillés ou une sauce légère à base de yaourt pour plus de saveur.,15-30 minutes,"200g de steak de bœuf
100g de quinoa
1 cuillère à soupe d’huile d'olive
Légumes grillés",210,22,12,8,,,,
Sushi,"Faites cuire du riz à sushi, puis assaisonnez-le avec du vinaigre de riz, du sucre et du sel. Disposez-le sur des feuilles de nori, ajoutez du poisson cru ou cuit (comme du saumon, thon, ou crevettes), puis roulez en utilisant une natte de bambou.",30-60 minutes,"200g de riz à sushi
4 feuilles de nori
Poisson cru (saumon, thon)
Vinaigre de riz",120,5,1,25,,https://external-content.duckduckgo.com/iu/?u=https%3A%2F%2Fwww.lanaturopathemoderne.com%2Fwp-content%2Fuploads%2Fsushis-maison-scaled.jpg&f=1&nofb=1&ipt=2a4c1b0bddfcec8d4a763d75da647490375be8d469a77fb08e1a2d3642fca19c&ipo=images,,
Tacos,"Préparez des tortillas de maïs ou de blé, garnissez-les de viande hachée (bœuf ou poulet), de légumes (tomates, laitue), et de sauces (guacamole, salsa).",30-60 minutes,"4 tortillas
200g de viande hachée
1 tomate
1 poignée de laitue
Guacamole, salsa",150,8,7,18,,,,
Tagliatelle Alfredo,"Faites cuire les tagliatelles, puis préparez une sauce à base de crème, beurre, et fromage parmesan râpé. Mélangez la sauce avec les pâtes.",30-60 minutes,"200g de tagliatelles
100g de crème fraîche
50g de beurre
50g de parmesan",300,6,20,25,,,,
Tagliatelles aux crevettes,"Faites cuire des tagliatelles et préparez une sauce avec des crevettes, de l'ail, de l’huile d'olive, et un peu de crème.",30-60 minutes,"200g de tagliatelles
200g de crevettes décortiquées
2 gousses d'ail
50g de crème",180,15,8,15,,,,
Tajine,"Dans une grande casserole ou un tajine, faites revenir des oignons, de l'ail, et des épices comme le cumin, le curcuma, et la cannelle. Ajoutez des légumes comme des carottes, courgettes, aubergines, tomates, pois chiches, et des pommes de terre. Laissez mijoter jusqu'à ce que les légumes soient tendres.",30-60 minutes,"1 aubergine
2 courgettes
3 carottes
3 pommes de terre
1 oignon
2 tomates
1 tasse de pois chiches cuits
2 cuillères à soupe d’huile d'olive
Épices : cumin, curcuma, cannelle
Sel et poivre",80,2,3,12,,,,
Tajine au légumes,,,,,,,,,,,
Tajine d'agneau aux pruneaux,"Faire revenir l'agneau dans de l'huile d'olive avec des oignons et de l'ail. Ajouter des épices comme le ras el hanout, le curcuma, le cumin, puis ajouter des pruneaux, des amandes et un peu de miel. Laissez mijoter avec de l'eau jusqu'à ce que l'agneau soit tendre.",1-3 heures,"500g d'agneau
200g de pruneaux
1 oignon
2 cuillères à soupe d'huile d'olive
Épices : cumin, ras el hanout, curcuma
1 cuillère à soupe de miel
1 poignée d'amandes",150,9,10,15,,,,
Tajine de poisson,"Faire mariner le poisson (souvent du merlu ou du colin) dans des épices comme le paprika, le cumin, l’ail, et du jus de citron. Dans une cocotte, faire revenir des oignons, des tomates, et des poivrons, ajouter le poisson, puis laisser mijoter jusqu'à ce qu'il soit cuit.","30-60 minutes
","500g de poisson (merlu, colin, ou dorade)
2 tomates
1 oignon
1 poivron
1 citron
Épices : cumin, paprika, coriandre
2 cuillères à soupe d'huile d'olive",110,19,4,5,,,,
Tajine de pommes de terre,"Faites revenir des pommes de terre coupées en morceaux avec des oignons, de l’ail, et des épices comme le paprika et le cumin. Ajoutez un peu de tomate et d’eau, puis laissez cuire à feu doux jusqu'à ce que les pommes de terre soient tendres.",30-60 minutes,"6 pommes de terre moyennes
1 oignon
2 tomates
2 cuillères à soupe d'huile d'olive
Épices : cumin, paprika, cannelle",110,2,5,17,,,,
Tajine de poulet,"Faire dorer le poulet dans une cocotte avec de l'huile d'olive, de l'ail, et des épices comme le cumin, le curcuma, et le gingembre. Ajoutez des olives, des citrons confits et des légumes comme des carottes et des pommes de terre. Laissez mijoter.",1-3 heures,"4 cuisses de poulet
1 oignon
1 citron confit
1 poignée d'olives vertes
2 carottes
3 pommes de terre
Épices : cumin, curcuma, gingembre, cannelle",150,20,8,10,,,,
Tajine de viande,"Faire dorer la viande dans de l'huile, ajouter des oignons, de l’ail, et des épices. Ajouter des légumes (pommes de terre, carottes), et laisser mijoter à feu doux pendant plusieurs heures jusqu'à ce que la viande soit bien tendre",1-3 heures,"500g de viande (bœuf ou agneau)
3 pommes de terre
2 carottes
1 oignon
Épices : cumin, cannelle, gingembre",170,22,9,8,,,,
Tajine de viande hachée,"Faire revenir la viande hachée dans un peu d’huile, ajouter des oignons et des épices comme le cumin et le paprika. Ajouter des légumes (pois chiches, tomates) et laisser cuire à feu doux.",30-60 minutes,"500g de viande hachée
1 oignon
2 tomates
1 tasse de pois chiches
Épices : cumin, paprika, cannelle",200,15,15,6,,,,
Tanjia,"C'est un plat de Marrakech, où la viande (souvent du bœuf ou de l’agneau) est marinée dans des épices et cuite lentement dans un pot en terre cuite. On y ajoute des gousses d’ail, des épices comme le cumin, le ras el hanout, et parfois des olives.",1-3 heures,"500g de viande (bœuf ou agneau)
2 tasses d'ail
Épices : cumin, ras el hanout
1 poignée d’olives vertes
1 citron confit",210,23,12,5,,,,
Tarte aux pommes caramélisées,"Préparer une pâte brisée. Cuire les pommes avec du sucre jusqu'à caramélisation. Déposer sur la pâte, cuire au four 30 min à 180°C.",30-60 minutes,"Pâte brisée, pommes, sucre, beurre",250,3,10,40,https://example.com/tarte_pommes.jpg,,,
Tartiflette,"Faire revenir des pommes de terre, lardons et oignons. Ajouter de la crème et du reblochon, cuire au four 20 min.",1-3 heures,"Pommes de terre, lardons, oignons, crème, reblochon",350,15,20,25,https://example.com/tartiflette.jpg,,,
Thé Marocain,"Faire bouillir de l'eau. Ajouter du thé vert, sucre et menthe fraîche. Laisser infuser.",15-30 minutes,"Thé vert, sucre, menthe",60,0,0,15,https://example.com/the_marocain.jpg,,,
Thiéboudiène,"Cuire le poisson et légumes dans une sauce tomate épicée, servir avec du riz.",1-3 heures,"Poisson, riz, légumes, sauce tomate",400,30,10,50,https://example.com/thieboudiene.jpg,,,
Toast,"Griller du pain, ajouter garnitures comme fromage ou légumes.",15-30 minutes,"Pain, garnitures au choix",200,5,4,30,https://example.com/toast.jpg,,,
Tomates aux oeufs,"Émincer l’oignon et le faire revenir dans l’huile.Puis
Ajouter les tomates coupées en dés et cuire jusqu'à ce qu'elles soient tendres.Apres Casser les œufs directement dans la poêle et mélanger doucement.Et Assaisonner avec sel, poivre, et persil.",15-30 minutes,"Œufs, tomates, oignon, huile d'olive, sel, poivre, persil",200,12,14,5,https://example.com/tomates-oeufs.jpg,,,
Tortilla,"Éplucher et couper des pommes de terre en fines rondelles.
Cuire dans de l'huile avec des oignons émincés jusqu’à ce qu’ils soient tendres.
Battre des œufs dans un bol, mélanger avec les pommes de terre et oignons.
Verser le mélange dans une poêle et cuire doucement.",30-60 minutes,"Pommes de terre, œufs, oignon, huile d'olive, sel, poivre",300,8,18,25,https://example.com/tortilla.jpg,,,
Viande,"Simple cuisson à la poêle ou au four avec des épices selon le choix (ail, persil, sel, poivre, paprika).",30-60 minutes,"Viande (bœuf ou agneau), épices, huile d'olive, sel",250,20,15,3,https://example.com/viande.jpg,,,
Viande avec pruneaux,"Faire revenir de la viande dans une marmite avec des oignons et des épices.
Ajouter de l’eau et laisser mijoter jusqu’à tendreté.
Ajouter des pruneaux préalablement trempés, un peu de miel et de la cannelle.
Réduire jusqu’à ce que la sauce épaississe.",1-3 heures,"Viande, pruneaux, cannelle, miel, oignons, amandes",400,25,20,15,https://example.com/viande-pruneaux.jpg,https://encrypted-tbn0.gstatic.com/images?q=tbn:ANd9GcSWjCc32Bx-nKkF2l_PPNA_eJ076HNhDnEBTw&s,,
Viande grillée ,"Mariner la viande avec des épices, ail, huile d’olive, et jus de citron.
Faire griller au barbecue ou à la poêle.",30-60 minutes,"Viande (poulet ou bœuf), herbes, épices, huile",350,30,10,2,https://example.com/viande-grillee.jpg,https://i0.wp.com/ericpineau.fr/wp-content/uploads/2021/03/grillade-de-boeuf.jpg?fit=800%2C600&ssl=1,,
Viande haché,"Assaisonner la viande hachée avec du sel, du poivre, du persil et de l’ail.
Façonner en boulettes ou en steaks.
Cuire dans une poêle ou au four.",30-60 minutes,"Viande hachée, persil, épices, oignon, huile",280,25,22,5,https://example.com/viande-hachee.jpg,https://ffcuisine.fr/wp-content/uploads/2024/07/1721633309_recette-a-base-de-viande-hachee.jpg,,
Yassa sénégalaise,"Mariner du poulet ou de la viande avec du citron, des oignons, de la moutarde, du poivre, et des épices.
Faire revenir les oignons, ajouter le poulet ou la viande et cuire avec la marinade.
Accompagner avec du riz.",1-3 heures,"Poulet, oignons, citron, moutarde, épices, huile, riz",450,35,18,20,https://example.com/yassa.jpg,https://couteaux-et-tirebouchons.com/wp-content/uploads/2020/09/Poulet-yassa-recette-senegalaise-traditionnelle-scaled-e1599850132709.jpg,,
Zaalouk,"Faire cuire des aubergines et des tomates.
Les écraser et les mélanger avec de l’ail, du persil, et de l’huile d’olive.
Assaisonner avec du sel, du poivre, et du paprika.",30-60 minutes,"Aubergines, tomates, ail, huile d'olive, épices",150,5,8,10,https://example.com/zaalouk.jpg,https://upload.wikimedia.org/wikipedia/commons/a/a5/Zaalook.jpg,,