user_id,Horodateur,Âge,Genre,Nationalité ,Région ,Poids ,Taille ,Statut,Plat_prefere,Plat_consome,Aimer_Plat_marocain,type_cuisine,Allergies ,Allergie_specification,Vegeterien_question,type_viande_prefere,Poids_etat,duree_preparation,Sport_question,sport_pratique,regime_question,regime_alimentaire,regime_raison,maladie,dejeuner_preference
1,30/10/2024 19:49:40,21,Femme,Marocain,Fès-Meknès,46,165,Étudiant,"Poulet rôti, Viande avec pruneaux ","Poisson, Dinde, Viande haché, Pastilla , Poulet rôti ",Oui,Cuisine marocaine,Non,,Non,"Poisson, Viande, Poulet",Gagner du poids,30-60 minutes,Non,,Non,,,,1
2,30/10/2024 22:00:21,18,Femme,Marocain,Fès-Meknès,44,164,Étudiant,"Poulet frit, Kebab",Pâtes,Oui,"Cuisine marocaine, Cuisine italienne, Cuisine française",Non,,Non,"Poisson, Viande, Poulet",Gagner du poids,15-30 minutes,Non,,Non,,,,3
3,30/10/2024 22:02:35,20,Femme,Marocain,Fès-Meknès,50,156,Étudiant,Poisson ,"Poisson, Dinde ",Oui,"Cuisine marocaine, Cuisine espagnole",Non,,Non,"Poisson, Viande",Maintenir votre poids,1-3 heures,Non,,Non,,,,1
4,02/11/2024 20:07:21,21,Femme,Marocain,Rabat-Salé-Kenitra,70,55,Étudiant,"Rfissa, Pastilla au poisson, Lasagne, Paella, Spaghetti","Tajine,Pizza,Spaghetti",Oui,"Cuisine marocaine, Cuisine libanaise, Cuisine asiatique, Cuisine espagnole",Non,,Non,"Poisson, Viande, Poulet",Maintenir votre poids,15-30 minutes,Non,,Non,,,,1
5,02/11/2024 20:25:36,21,Femme,Marocain,Fès-Meknès,56,156,Étudiant,"Pâtes, Burger, Tajine, Pastilla, Poisson","Burger,Pizza",Oui,"Cuisine marocaine, Cuisine italienne, Cuisine asiatique",Non,,Non,Poulet,Maintenir votre poids,15-30 minutes,Non,,Non,,,,1
6,02/11/2024 20:26:57,20,Femme,Mauritanien,Rabat-Salé-Kenitra,76,158,Étudiant,Poulet rôti,Poulet,Oui,"Cuisine marocaine, Cuisine italienne",Non,,Non,Poulet,Perdre du poids,30-60 minutes,Non,,Non,,,,3
7,02/11/2024 20:27:13,23,Homme,Marocain,Rabat-Salé-Kenitra,70,172,Étudiant,"Pizza, Pastilla,Bokadio, Msemen","Kebab,Frites",Oui,"Cuisine marocaine, Cuisine italienne",Non,,Non,Poulet,Gagner du poids,15-30 minutes,Oui,"Tir à l'arc, Equitation",Non,,,,1
8,02/11/2024 20:27:42,19,Homme,Marocain,Souss-Massa,70,172,Étudiant,"Couscous , Tajine ","Tajine , Pâtes , Riz ",Oui,Cuisine marocaine,Non,,Non,Viande,Maintenir votre poids,15-30 minutes,Oui,"Musculation, Sprint",Non,,,,1
9,02/11/2024 20:28:06,21,Homme,Marocain,Deraa-Tafilalet,64,170,Étudiant,"Tajine,Rfissa,Msemen,Couscous","Tajine,Couscous",Oui,Cuisine marocaine,Non,,Non,Poulet,Maintenir votre poids,30-60 minutes,Oui,Gym,Non,,,,1
10,02/11/2024 20:28:18,20,Homme,Marocain,Casablanca-Settat,64,171,Étudiant,"Pizza,Tacos,Pastilla","Pizza,Tacos,Panini,Tajine,Harira,Rfissa",Oui,"Cuisine marocaine, Cuisine italienne, Cuisine française",Non,,Non,Poulet,Gagner du poids,15-30 minutes,Non,,Non,,,,1
11,02/11/2024 20:28:21,19,Femme,Marocain,Rabat-Salé-Kenitra,78,169,Étudiant,"Harira,Spaghetti,Tajine de poulet,Tajine de poisson","Harira,Spaghetti,Tajine de poulet,Tajine de poisson",Oui,Cuisine marocaine,Non,,Non,Viande,Perdre du poids,30-60 minutes,Non,,Non,,,Anémie,1
12,02/11/2024 20:28:45,20,Femme,Marocain,Deraa-Tafilalet,59,168,Étudiant,"Pastilla, Couscous, Tacos, Tajine de poulet",Tajine,Oui,"Cuisine marocaine, Cuisine italienne, Cuisine française",Non,,Non,"Viande, Poulet",Maintenir votre poids,30-60 minutes,Oui,Gym,Non,,Atteindre un objectif personnel,,1
13,02/11/2024 20:28:53,20,Femme,Marocain,Marrakech-Safi,50,170,Étudiant,"Couscous,  Viande avec pruneaux , Rfissa, Poulet rôti",Tajine,Oui,"Cuisine marocaine, Cuisine italienne, Cuisine française",Non,,Oui,"Viande, Poulet",Gagner du poids,1-3 heures,Oui,Gym,Non,,,Anémie,1
14,02/11/2024 20:29:06,21,Femme,Marocain,Marrakech-Safi,60,164,Étudiant,Couscous,Salade,Oui,"Cuisine marocaine, Cuisine italienne",Non,,Non,"Viande, Poulet",Maintenir votre poids,30-60 minutes,Oui,"Cardio,Natation",Non,,,Anémie,1
15,02/11/2024 20:29:25,19,Femme,Marocain,Casablanca-Settat,64,163,Étudiant,"Poulet, Viande avec pruneaux, Seffa ,Couscous,Rfissa",Tajine,Oui,Cuisine marocaine,Non,,Non,Poulet,Maintenir votre poids,1-3 heures,Non,,Non,,,Bactéries de l'estomac,1
16,02/11/2024 20:29:58,20,Femme,Marocain,Casablanca-Settat,59,157,Étudiant,Riz avec du poulet,Riz avec du poulet,Oui,"Cuisine marocaine, Cuisine mexicaine",Non,,Non,Poulet,Perdre du poids,30-60 minutes,Oui,Boxe,Oui,Régime riche en protéines et faible en glucides,"Booster mon énergie, Pour ma santé, Atteindre un objectif personnel",,3
17,02/11/2024 20:30:45,20,Femme,Marocain,Rabat-Salé-Kenitra,65,164,Étudiant,Rfissa,Pizza,Oui,"Cuisine italienne, Cuisine asiatique",Non,,Non,Poulet,Maintenir votre poids,15-30 minutes,Non,,Non,,,,1
18,02/11/2024 20:30:52,22,Femme,Marocain,Rabat-Salé-Kenitra,75,168,Étudiant,"Fruit ,Salade,Pâtes","Msemen,Tajine",Oui,Cuisine marocaine,Non,,Non,Poulet,Perdre du poids,30-60 minutes,Non,,Non,,,,3
19,02/11/2024 20:30:58,19,Homme,Marocain,Souss-Massa,100,183,Étudiant,,,Oui,Cuisine marocaine,Non,,Non,Viande,Perdre du poids,15-30 minutes,Oui,Kickboxing,Non,,,,3
20,02/11/2024 20:31:13,20,Femme,Marocain,Béni Mellal-Khénifra,65,167,Étudiant,Pastilla,Poulet,Oui,Cuisine italienne,Non,,Non,Poulet,Maintenir votre poids,30-60 minutes,Oui,Bodybuilding,Non,,,,3
21,02/11/2024 20:31:44,21,Femme,Marocain,Deraa-Tafilalet,67,165,Étudiant,Pastilla,"Pastilla, Tajine, Couscous ",Oui,"Cuisine marocaine, Cuisine italienne",Non,,Oui,Viande,Perdre du poids,15-30 minutes,Non,,Non,,,Anémie,1
22,02/11/2024 20:31:58,22,Femme,Marocain,Béni Mellal-Khénifra,60,164,Étudiant,"Rfissa, Pizza, Pastilla,Poulet rôti, Seffa","Pâtes, Poulet, Pizza",Oui,"Cuisine marocaine, Cuisine italienne, Cuisine asiatique",Non,,Non,Poulet,Maintenir votre poids,15-30 minutes,Oui,Gym,Oui,,"Me sentir en forme, Booster mon énergie, Pour ma santé",Anémie,1
23,02/11/2024 20:32:22,22,Femme,Marocain,Béni Mellal-Khénifra,54,154,Étudiant,"Poulet rôti, Tajine, Rfissa","Tajine, Couscous",Oui,Cuisine marocaine,Non,,Oui,"Poisson, Poulet",Maintenir votre poids,30-60 minutes,Non,,Non,,,,1
24,02/11/2024 20:32:41,20,Homme,Marocain,Deraa-Tafilalet,70,180,Étudiant,"Tajine,Harira,Rfissa,Couscous,Poulet rôti","Tajine,Couscous,Poulet rôti ,Rfissa",Oui,Cuisine marocaine,Non,,Non,Poulet,Maintenir votre poids,1-3 heures,Oui,Football,Non,,,,1
25,02/11/2024 20:33:48,20,Femme,Marocain,Oriental,58,157,Étudiant,"Pizza,Pastilla,Cordon bleu,Lasagne,Spaghetti","Pizza,Tacos,Toast,Spaghetti",Oui,Cuisine italienne,Non,,Non,"Poisson, Poulet",Perdre du poids,15-30 minutes,Non,,Non,,,Anémie,2
26,02/11/2024 20:35:05,21,Femme,Marocain,Casablanca-Settat,53,167,Étudiant,"Rfissa,Pizza,Couscous,Seffa,Pâtes","Tajine,Pâtes,Tacos,Pizza,Couscous",Oui,"Cuisine marocaine, Cuisine italienne",Non,,Non,"Viande, Poulet",Gagner du poids,15-30 minutes,Oui,Marche,Non,,"Booster mon énergie, Pour ma santé",,2
27,02/11/2024 20:36:08,23,Femme,Marocain,Souss-Massa,51,53,Étudiant,"Lentilles, Salade légume, Tajine légume,Riz à légumes, Brochettes","Tajine au légumes, Salade, Brochettes,Dinde",Oui,Cuisine marocaine,Non,,Non,Poisson,Gagner du poids,30-60 minutes,Non,,Oui,Régime d'élimination alimentaire,Pour ma santé,Estomac,3
28,02/11/2024 20:36:55,19,Femme,Marocain,Deraa-Tafilalet,64,159,Étudiant,"Couscous,Harcha au thym,Boulettes de viande hachée,Mrouzia ,Gratin de poulet ",Harcha,Oui,Cuisine marocaine,Oui,"Allergie aux agrumes,Allergie aux aliments épicés",Non,Viande,Maintenir votre poids,1-3 heures,Non,,Oui,"Régime sans agrumes ni épicé (Non-acidic, Non-spicy)",Pour ma santé,Brûlures d'estomac,1
29,02/11/2024 20:38:29,20,Femme,Marocain,Béni Mellal-Khénifra,60,172,Étudiant,"Pizza,Tacos,Poulet rôti,Gratin","Pizza,Tacos,Tajine,Gratin,Poulet rôti ",Oui,"Cuisine marocaine, Cuisine italienne",Non,,Non,Poulet,Maintenir votre poids,15-30 minutes,Non,,Non,,,,1
30,02/11/2024 20:40:45,19,Femme,Marocain,Casablanca-Settat,58,"159,5",Étudiant,"Rfissa,Lasagne,Tacos,Pastilla,Pâtes,Poulet parmigiana","Rfissa,Lasagne,Tacos,Pastilla,Pâtes,Poulet parmigiana",Oui,"Cuisine marocaine, Cuisine italienne, Cuisine libanaise, Cuisine asiatique, Cuisine mexicaine",Non,,Non,"Poisson, Viande",Maintenir votre poids,15-30 minutes,Non,,Non,,,,2
31,02/11/2024 20:43:03,21,Femme,Marocain,Deraa-Tafilalet,63,164,Étudiant,"Loubia,Poulet rôti,Viande avec pruneaux ,Sardines grillées , Spaghetti ","Lentilles,Loubia,Couscous, Spaghetti,Poulet",Oui,Cuisine marocaine,Non,,Non,Viande,Perdre du poids,1-3 heures,Oui,Cardio,Non,,,Anémie,3
32,02/11/2024 20:43:35,21,Homme,Marocain,Casablanca-Settat,56,165,Étudiant,"Kebab, Pastilla, Frites, Pâtes, Shawarma","Poulet, Dinde, Viande, Pâtes",Oui,Cuisine marocaine,Non,,Non,Viande,Gagner du poids,30-60 minutes,Oui,"Gym, Football",Non,,,,1
33,02/11/2024 20:45:54,22,Homme,Marocain,Deraa-Tafilalet,70,184,Étudiant,"Saumon rôti,Couscous,Omelette,Steak de bœuf avec quinoa",Viande ,Oui,Cuisine marocaine,Non,,Non,"Poisson, Viande, Poulet",Gagner du poids,30-60 minutes,Oui,"Football,Musculation",Non,,,,1
34,02/11/2024 20:46:12,22,Femme,Marocain,Tanger-Tétouan-Al Hoceima,83,165,Étudiant,"Poulet rôti, Couscous, Pâtes , Pastilla","Pâtes, Poulet",Oui,"Cuisine marocaine, Cuisine syrienne",Non,,Non,"Viande, Poulet",Perdre du poids,15-30 minutes,Non,,Non,,,,1
35,02/11/2024 20:48:42,21,Femme,Marocain,Marrakech-Safi,50,159,Étudiant,"Poulet rôti, Lobia à la marocaine, Tacos, Tajine","Harira, Poulet rôti , Lentilles",Oui,"Cuisine marocaine, Cuisine italienne",Non,,Non,Poulet,Gagner du poids,30-60 minutes,Non,,Non,,,,1
36,02/11/2024 20:49:18,22,Femme,Français,Je ne suis pas marocain,58,169,Étudiant,"Lasagne, Sushi, Couscous, Pastilla","Pâtes , Riz avec du poulet, Burger,Frites",Oui,Cuisine asiatique,Oui,Allergie aux acariens ,Non,Viande,Maintenir votre poids,15-30 minutes,Non,,Oui,Halal(Pas marocains),Suivre ma religion (Pas marocains),,2
37,02/11/2024 20:49:42,19,Femme,Marocain,Rabat-Salé-Kenitra,67,162,Étudiant,Pastilla,Poulet rôti,Oui,"Cuisine marocaine, Cuisine italienne",Non,,Non,Poisson,Maintenir votre poids,30-60 minutes,Oui,"Basketball, Gym, Patinage",Non,,,Anémie,3
38,02/11/2024 20:52:21,20,Femme,Marocain,Casablanca-Settat,53,167,Étudiant,,"Pâtes, Tajine, Thé Marocain",Oui,"Cuisine marocaine, Cuisine italienne",Non,,Non,Poisson,Gagner du poids,30-60 minutes,Non,,Non,,,,1
39,02/11/2024 20:53:15,21,Femme,Marocain,Rabat-Salé-Kenitra,56,153,Étudiant,"Couscous,Rfissa, Pastilla ,Poulet rôti,Tajine","Poulet, Pâtes",Oui,Cuisine marocaine,Non,,Non,Poulet,Maintenir votre poids,30-60 minutes,Non,,Non,,,Anémie,1
40,02/11/2024 20:53:27,20,Femme,Marocain,Tanger-Tétouan-Al Hoceima,47,162,Étudiant,Pastilla,"Salade César, Pizza, Tacos",Non,"Cuisine italienne, Cuisine asiatique, Cuisine turque",Non,,Non,"Poisson, Poulet",Maintenir votre poids,15-30 minutes,Non,,Non,,,,2
41,02/11/2024 20:59:10,20,Homme,Marocain,Béni Mellal-Khénifra,62,183,Étudiant,Rfissa,Poulet,Oui,Cuisine marocaine,Non,,Non,"Poisson, Poulet",Gagner du poids,15-30 minutes,Non,,Non,,,,3
42,02/11/2024 21:01:35,21,Homme,Marocain,Fès-Meknès,75,170,Étudiant,Pastilla,"Omelette , Paella , Spaghetti ",Oui,"Cuisine marocaine, Cuisine italienne",Non,,Non,Poulet,Perdre du poids,15-30 minutes,Oui,Musculation ,Non,,,,1
43,02/11/2024 21:03:48,22,Femme,Djiboutien,Je ne suis pas marocain,60,175,Étudiant,"Mandi, Zourbiyan, Viande hachée, Poulet braisé",Riz avec du poulet,Oui,Cuisine libanaise,Oui,"Intolérance au gluten,Intolérance au lactose",Non,Poulet,Maintenir votre poids,15-30 minutes,Oui,Futsal ,Oui,Régime sans intolérances,Pour ma santé,Anémie,3
44,02/11/2024 21:03:52,17,Femme,Marocain,Oriental,47,170,Étudiant,"Msemen  , Pizza, Couscous",Tajine de poulet,Oui,Cuisine marocaine,Non,,Non,Viande,Gagner du poids,30-60 minutes,Non,,Non,,,Trouble digestif ,1
45,02/11/2024 21:04:55,22,Homme,Marocain,Rabat-Salé-Kenitra,98,210,Étudiant,Lentilles,Lentilles,Oui,Cuisine marocaine,Oui,,Oui,,Gagner du poids,15-30 minutes,Oui,,Oui,,,,1
46,02/11/2024 21:05:30,19,Femme,Marocain,Casablanca-Settat,61,167,Étudiant,"Poulet rôti , Seffa","Tajine, Gratin",Oui,"Cuisine marocaine, Cuisine italienne, Cuisine asiatique",Oui,,Non,Poisson,Gagner du poids,30-60 minutes,Non,,Non,,,Anémie,1
47,02/11/2024 21:06:51,22,Femme,Marocain,Marrakech-Safi,64,176,Étudiant,"Tajine viande hachée, Thé marocaine , Seffa, Harira , Pizza, Pastilla","Couscous,Poulet rôti ,Thé marocain, Tajine",Oui,Cuisine marocaine,Non,,Non,Viande,Maintenir votre poids,30-60 minutes,Non,,Non,,,,1
48,02/11/2024 21:07:15,21,Homme,Togolais ,Je ne suis pas marocain,55,170,Étudiant,"Couscous ,Tajine ,Harira,Pastilla,Ratatouille ","Couscous ,Tajine ,Harira,Pastilla,Ratatouille ",Oui,Cuisine marocaine,Non,,Non,"Poisson, Viande, Poulet",Gagner du poids,1-3 heures,Oui,,Non,,,,3
49,02/11/2024 21:07:17,21,Femme,Marocain,Casablanca-Settat,53,156,Étudiant,"Couscous, Pastilla, Tajine","Couscous, Pâtes, Salade, Riz  ",Oui,Cuisine marocaine,Non,,Non,Viande,Maintenir votre poids,15-30 minutes,Non,,Non,,,,1
50,02/11/2024 21:07:18,22,Homme,Marocain,Béni Mellal-Khénifra,68,174,Étudiant,"Tajine, Poulet rôti , Kebab, Rfissa","Tajine, Poulet rôti",Oui,Cuisine marocaine,Non,,Non,Poulet,Maintenir votre poids,15-30 minutes,Oui,Football,Non,,,,1
51,02/11/2024 21:08:02,22,Femme,Marocain,Marrakech-Safi,49,155,Étudiant,"Rfissa,Seffa,Poulet rôti,Kebab","Tajine, Rfissa, Paella",Oui,"Cuisine marocaine, Cuisine italienne, Cuisine libanaise, Cuisine asiatique",Non,,Non,Poulet,Maintenir votre poids,30-60 minutes,Oui,Pilates,Non,,,,1
52,02/11/2024 21:09:21,22,Homme,Marocain,Marrakech-Safi,73,180,Étudiant,Tajine,Omlette,Oui,Cuisine marocaine,Oui,Allergie au pollen,Non,Viande,Perdre du poids,15-30 minutes,Oui,Football,Non,,,,1
53,02/11/2024 21:09:47,19,Homme,Marocain,Casablanca-Settat,105,190,Étudiant,"Poisson ,Pastilla ,Pâtes ",Tajine ,Oui,"Cuisine marocaine, Cuisine italienne, Cuisine libanaise",Non,,Non,"Poisson, Viande, Poulet",Maintenir votre poids,15-30 minutes,Oui,Basketball,Non,,,,2
54,02/11/2024 21:10:20,22,Homme,Marocain,Casablanca-Settat,70,182,Fonctionnaire,"Tajine, Couscous, Poisson, Poulet","Poulet, Tajine ",Oui,"Cuisine marocaine, Cuisine espagnole",Oui,Allergie au poivre noir,Non,"Poisson, Poulet",Maintenir votre poids,30-60 minutes,Oui,Football ,Non,,,,3
55,02/11/2024 21:10:41,20,Femme,Marocain,Casablanca-Settat,60,158,Étudiant,"Rfissa, Pizza, Lasagne,Poulet farci,Pastilla au poisson","Tajine,Poulet rôti ,Pizza,Pâtes",Oui,Cuisine marocaine,Non,,Non,Viande,Maintenir votre poids,30-60 minutes,Oui,Basketball,Non,,,,2
56,02/11/2024 21:10:46,21,Femme,Marocain,Rabat-Salé-Kenitra,49,162,Étudiant,"Alfredo pasta, Poulet rôti, Pastilla, Shawarma, Viande avec pruneaux ","Pâtes, Omelette, Tajine",Oui,"Cuisine marocaine, Cuisine italienne, Cuisine libanaise, Cuisine asiatique, Cuisine mexicaine, Cuisine française, Cuisine espagnole",Non,,Non,Viande,Gagner du poids,15-30 minutes,Non,,Non,,,Maladies cardiovasculaires,2
57,02/11/2024 21:11:04,22,Femme,Marocain,Béni Mellal-Khénifra,68,163,Étudiant,"Pastilla, Pizza, Mrouzia, Risotto, Tarte aux pommes caramélisées","Pâtes , Pizza, Salade de fruits, Salade ",Oui,"Cuisine marocaine, Cuisine italienne",Non,,Non,Viande,Perdre du poids,30-60 minutes,Oui,Musculation ,Non,,,Anémie,3
58,02/11/2024 21:11:17,20,Femme,Marocain,Oriental,60,162,Étudiant,"Paella, Sushi, Pizza ","Poulet rôti, Pizza, Tacos, Pâtes ",Oui,"Cuisine marocaine, Cuisine italienne, Cuisine française",Non,,Non,Poisson,Maintenir votre poids,30-60 minutes,Non,,Non,,,Anémie,2
59,02/11/2024 21:11:38,21,Homme,Marocain,Béni Mellal-Khénifra,64,179,Étudiant,"Seffa, Seffa Medfouna, Bissara, Pâtes, Spaghetti","Riz, Spaghetti, Pâtes ",Oui,"Cuisine marocaine, Cuisine italienne",Non,,Non,"Viande ,Poulet",Gagner du poids,15-30 minutes,Non,,Non,,,,1
60,02/11/2024 21:12:11,20,Femme,Marocain,Fès-Meknès,62,167,Étudiant,"Pastilla,Poulet rôti ,Seffa,Sushi","Légumineuses,Lentilles",Oui,"Cuisine marocaine, Cuisine asiatique, Cuisine mexicaine",Non,,Non,Poulet,Maintenir votre poids,30-60 minutes,Oui,Musculation ,Non,,,,3
61,02/11/2024 21:12:24,19,Femme,Marocain,Deraa-Tafilalet,58,169,Étudiant,"Kebab,Tacos",Tajine,Oui,Cuisine marocaine,Non,,Non,Poulet,Maintenir votre poids,30-60 minutes,Non,,Non,,,,1
62,02/11/2024 21:12:58,17,Femme,Marocain,Fès-Meknès,51,165,Étudiant,"Tajine,Couscous, Poulet rôti ,Kebab,Harira","Tajine,Couscous ",Oui,Cuisine marocaine,Non,,Non,"Poisson, Poulet",Maintenir votre poids,30-60 minutes,Non,,Non,,,,1
63,02/11/2024 21:13:09,22,Femme,Marocain,Rabat-Salé-Kenitra,43,154,Étudiant,"Pastilla au poisson, Spaghetti, Lasagne, Bokadio, Paella","Spaghetti, Paella, Viande, Tajine, Sandwich ",Oui,"Cuisine italienne, Cuisine asiatique",Non,,Non,Poisson,Gagner du poids,30-60 minutes,Oui,"Gym, Natation ",Non,,,Anémie,1
64,02/11/2024 21:13:39,20,Femme,Marocain,Marrakech-Safi,57,149,Étudiant,"Pizza , Pastilla ","Pizza , Paella , Poulet rôti, Salade césar",Oui,"Cuisine marocaine, Cuisine italienne, Cuisine asiatique, Cuisine turque ",Non,,Non,"Poisson, Légumes",Maintenir votre poids,1-3 heures,Oui,,Non,,,,1
65,02/11/2024 21:14:39,20,Femme,Marocain,Casablanca-Settat,53,160,Étudiant,"Pâtes, Lasagne, Sushi, Burger, Rfissa",Pâtes ,Oui,"Cuisine marocaine, Cuisine italienne, Cuisine asiatique, Cuisine espagnole",Non,,Non,"Viande, Poulet",Gagner du poids,1-3 heures,Oui,Tennis,Non,,,,1
66,02/11/2024 21:16:45,22,Homme,Marocain,Fès-Meknès,75,184,Autre,"Couscous , Mrouzia , Frites","Frites. Tajine, Couscous ",Oui,Cuisine marocaine,Non,,Non,Viande,Perdre du poids,30-60 minutes,Oui,"Natation , Course, Football ",Non,,,,1
67,02/11/2024 21:17:50,21,Femme,Marocain,Béni Mellal-Khénifra,64,160,Étudiant,"Seffa, Tajine, Couscous, Poulet rôti , Pastilla",Pâtes ,Oui,"Cuisine marocaine, Cuisine italienne, Cuisine asiatique",Non,,Non,Viande,Perdre du poids,15-30 minutes,Oui,Cardio,Non,,,,3
68,02/11/2024 21:18:26,21,Homme,Marocain,Souss-Massa,58,182,Étudiant,"Tacos, Poulet farci ,Tajine,Rfissa","Tajine , Tacos,Poulet rôti",Oui,"Cuisine marocaine, Cuisine italienne",Non,,Non,"Viande, Poulet",Gagner du poids,30-60 minutes,Oui,Football,Non,,,,3
69,02/11/2024 21:19:18,21,Femme,Marocain,Rabat-Salé-Kenitra,64,158,Étudiant,"Pastilla  au poisson, Pâtes, Couscous , Tajine de poulet , pizza","Riz, Pâtes , Nouilles instantanées, Légumes sautés, Shawarmas",Oui,"Cuisine marocaine, Cuisine italienne, Cuisine libanaise",Non,,Non,Poulet,Perdre du poids,30-60 minutes,Non,,Non,,,Anémie,1
70,02/11/2024 21:19:34,53,Femme,Marocain,Deraa-Tafilalet,75,165,Autre,Couscous ,Poulet ,Oui,Cuisine marocaine,Non,,Non,"Poisson, Viande, Poulet",Maintenir votre poids,1-3 heures,Non,,Non,,,,1
71,02/11/2024 21:19:51,21,Femme,Marocain,Rabat-Salé-Kenitra,49,162,Étudiant,Seffa,Pâtes ,Oui,Cuisine marocaine,Non,,Non,Poulet,Gagner du poids,30-60 minutes,Non,,Non,,,,1
72,02/11/2024 21:20:32,23,Femme,Marocain,Casablanca-Settat,55,162,Étudiant,"Poulet rôti , Pastilla , Kebab","Pâtes,Poulet",Oui,Cuisine marocaine,Non,,Non,"Poisson, Viande, Poulet",Maintenir votre poids,30-60 minutes,Non,,Non,,,,1
73,02/11/2024 21:21:45,17,Femme,Marocain,Oriental,48,158,Étudiant,"Poulet rôti ,Couscous,Tajine,Pastilla au poisson",Pâtes,Oui,Cuisine marocaine,Non,,Non,Poulet,Gagner du poids,1-3 heures,Non,,Non,,,,1
74,02/11/2024 21:22:03,21,Femme,Marocain,Rabat-Salé-Kenitra,65,160,Étudiant,"Pastilla, Rfissa, Couscous, Tajine, Tanjia",Poulet rôti,Oui,Cuisine marocaine,Non,,Non,Poisson,Perdre du poids,30-60 minutes,Non,,Non,,,,1
75,02/11/2024 21:22:09,19,Femme,Marocain,Fès-Meknès,70,164,Étudiant,"Rfissa,Pizza",Tajine,Oui,Cuisine marocaine,Non,,Non,Viande,Perdre du poids,30-60 minutes,Non,,Non,,,,1
76,02/11/2024 21:23:37,26,Homme,Marocain,Laayoune-Sakia el Hamra,70,172,Autre,"Couscous,Poulet rôti ","Tajine,Medfoun",Oui,Cuisine marocaine,Non,,Non,"Viande, Poulet",Maintenir votre poids,1-3 heures,Oui,Sprint,Non,,,,3
77,02/11/2024 21:26:00,21,Femme,Marocain,Souss-Massa,63,159,Étudiant,"Rfissa, Pastilla, Tajine,Poulet rôti ,Couscous","Tajine, Pâtes,Lentilles,Salade",Oui,Cuisine marocaine,Non,,Non,"Poisson, Viande, Poulet",Maintenir votre poids,30-60 minutes,Non,,Non,,Pour ma santé,,1
78,02/11/2024 21:26:22,22,Femme,Marocain,Deraa-Tafilalet,75,165,Étudiant,"Tajine,Pizza ,Tacos ,Chebakia,Couscous ","Tajine,Couscous,Viande haché",Oui,Cuisine marocaine,Non,,Non,Viande,Gagner du poids,30-60 minutes,Non,,Non,,,Anémie,1
79,02/11/2024 21:26:40,22,Femme,Marocain,Deraa-Tafilalet,67,161,Fonctionnaire,"Couscous,Tajine ,Seffa,Poulet rôti ",Tajine,Oui,Cuisine marocaine,Non,,Oui,Poisson,Perdre du poids,30-60 minutes,Non,,Non,,,,1
80,02/11/2024 21:26:54,22,Femme,Marocain,Deraa-Tafilalet,85,158,Étudiant,Poulet rôti ,Tajine,Oui,Cuisine marocaine,Non,,Non,Poisson,Perdre du poids,30-60 minutes,Non,,Non,,,,1
81,02/11/2024 21:26:58,21,Femme,Marocain,Deraa-Tafilalet,50,167,Étudiant,"Spaghetti, Gratin, Tajine","Gratin, Tajine ",Oui,Cuisine italienne,Non,,Non,Poulet,Gagner du poids,30-60 minutes,Non,,Non,,,,1
82,02/11/2024 21:27:12,22,Femme,Marocain,Tanger-Tétouan-Al Hoceima,58,160,Étudiant,"Rfissa,Pizza,Tajine, Poulet rôti ","Sandwich,Poulet,Pâtes",Oui,Cuisine marocaine,Non,,Non,Poulet,Gagner du poids,30-60 minutes,Non,,Non,,,Anémie,2
83,02/11/2024 21:27:38,21,Femme,Marocain,Rabat-Salé-Kenitra,53,170,Étudiant,"Couscous, Seffa ",Tajine,Oui,Cuisine marocaine,Non,,Non,Poulet,Gagner du poids,30-60 minutes,Non,,Non,,,,1
84,02/11/2024 21:28:15,32,Femme,Marocain,Fès-Meknès,80,175,Fonctionnaire,"Tajine,Couscous",Kebab,Oui,Cuisine italienne,Non,,Non,"Poisson, Viande",Perdre du poids,30-60 minutes,Oui,Fitness,Oui,Régime cétogène,"Perdre du poids, Me sentir en forme, Pour ma santé",,3
85,02/11/2024 21:28:15,42,Femme,Marocain,Rabat-Salé-Kenitra,61,160,Autre,"Couscous,Tajine,Poisson,Brochettes,Pastilla","Tajine,Harira,Brochettes,Dinde,Tortilla",Oui,Cuisine marocaine,Non,,Non,Poulet,Maintenir votre poids,30-60 minutes,Non,,Non,,,,1
86,02/11/2024 21:29:30,44,Femme,Marocain,Rabat-Salé-Kenitra,62,160,Fonctionnaire,"Couscous, Soupe au poisson , Salade marocaines, Tajine, Harira",Salade,Oui,"Cuisine marocaine, Cuisine libanaise, Cuisine asiatique",Non,,Non,"Poisson, Viande, Poulet",Perdre du poids,15-30 minutes,Non,,Non,,,,3
87,02/11/2024 21:30:50,21,Femme,Marocain,Deraa-Tafilalet,55,172,Étudiant,Pâtes,"Pâtes,Tajine,Omelette,Harira,Sardine",Oui,"Cuisine marocaine, Cuisine italienne",Non,,Non,"Poisson, Poulet",Gagner du poids,30-60 minutes,Non,,Non,,,,1
88,02/11/2024 21:30:54,45,Femme,Marocain,Deraa-Tafilalet,70,160,Autre,"Couscous,Tajine",Tagine ,Oui,Cuisine marocaine,Non,,Non,Poisson,Maintenir votre poids,15-30 minutes,Non,,Non,,,,1
89,02/11/2024 21:30:55,22,Femme,Marocain,Casablanca-Settat,46,152,Étudiant,"Rfissa,Couscous,Msemen",Tajine,Oui,Cuisine marocaine,Non,,Non,Viande,Maintenir votre poids,1-3 heures,Non,,Non,,,Anémie,3
90,02/11/2024 21:31:05,21,Homme,Marocain,Fès-Meknès,70,180,Fonctionnaire,Pizza,Pâtes ,Oui,Cuisine marocaine,Non,,Oui,"Poisson, Viande",Gagner du poids,15-30 minutes,Oui,Musculation ,Non,,Booster mon énergie,Maladies cardiovasculaires,1
91,02/11/2024 21:31:58,22,Femme,Marocain,Rabat-Salé-Kenitra,55,150,Étudiant,"Seffa, Shawarma, Pizza",Tajine,Oui,"Cuisine italienne, Cuisine asiatique",Non,,Non,Viande,Maintenir votre poids,30-60 minutes,Oui,YouTube : tutoriels de sport,Non,,,,1
92,02/11/2024 21:32:29,23,Femme,Marocain,Fès-Meknès,54,155,Autre,Poulet rôti ,Soupe,Oui,Cuisine marocaine,Non,,Non,Poulet,Gagner du poids,15-30 minutes,Oui,Course,Non,,,,1
93,02/11/2024 21:34:21,22,Femme,Marocain,Rabat-Salé-Kenitra,60,168,Étudiant,"Coucous,Salade marocaine,Légumes sautés,Poulet rôti ,Pastilla","Salade,Légumes sautés. , Omelette ,Tajine ,Salade de fruits",Oui,Cuisine marocaine,Non,,Non,Poulet,Maintenir votre poids,15-30 minutes,Oui,Natation,Non,,,,3
94,02/11/2024 21:34:36,14,Femme,Marocain,Rabat-Salé-Kenitra,60,162,Étudiant,"Sushi, Pâtes , Tacos","Pâtes , Tajine",Oui,Cuisine asiatique,Non,,Non,Viande,Perdre du poids,30-60 minutes,Oui,Volley-ball,Non,,,,2
95,02/11/2024 21:36:39,21,Femme,Marocain,Deraa-Tafilalet,57,157,Étudiant,"Riz,Poisson,Spaghetti,Omelette,Tajine","Poisson ,Tajine,Poulet rôti,Pastilla,Soupe",Oui,Cuisine marocaine,Non,,Non,"Poisson, Viande",Perdre du poids,30-60 minutes,Non,,Non,,,,1
96,02/11/2024 21:36:45,19,Femme,Marocain,Rabat-Salé-Kenitra,78,168,Étudiant,"Pizza,Pastilla,Tajine,Chakchouka,Beriouate","Tajine,Poulet rôti,Tacos",Oui,"Cuisine marocaine, Cuisine italienne, Cuisine asiatique",Non,,Non,Viande,Perdre du poids,1-3 heures,Non,,Non,,,,1
97,02/11/2024 21:37:10,27,Femme,Marocain,Fès-Meknès,65,176,Fonctionnaire,"Pavé de saumon, Champignons à la crème, Riz basmati",Salade,Oui,"Cuisine marocaine, Cuisine italienne, Cuisine libanaise",Non,,Non,Poulet,Maintenir votre poids,15-30 minutes,Non,,Non,,,Anémie,1
98,02/11/2024 21:38:02,22,Femme,Marocain,Deraa-Tafilalet,50,170,Étudiant,"Couscous,Pizza,Poisson ,Tajine,Pastilla","Tacos,Pizza,Burger, Salade, Riz ",Oui,Cuisine marocaine,Non,,Non,Poisson,Gagner du poids,15-30 minutes,Non,,Non,,,,1
99,02/11/2024 21:38:11,21,Femme,Marocain,Tanger-Tétouan-Al Hoceima,62,162,Étudiant,"Tajine,Salade de riz,Pâtes,Tortilla,Burger","Pâtes,Tortilla,Tajine,Dinde,Salade de riz",Oui,"Cuisine marocaine, Cuisine italienne",Non,,Non,Viande,Maintenir votre poids,15-30 minutes,Non,,Non,,,Anémie,3
100,02/11/2024 21:38:35,20,Femme,Marocain,Tanger-Tétouan-Al Hoceima,68,171,Étudiant,Rfissa,"Dinde , Riz , Pâtes",Oui,Cuisine marocaine,Non,,Non,Viande,Maintenir votre poids,15-30 minutes,Non,,Non,,,,1
101,02/11/2024 21:39:25,19,Homme,Marocain,Casablanca-Settat,76,179,Étudiant,Poulet rôti ,Poulet rôti,Oui,Cuisine marocaine,Non,,Non,Poulet,Maintenir votre poids,15-30 minutes,Non,,Non,,,,1
102,02/11/2024 21:39:29,25,Homme,Marocain,Marrakech-Safi,67,175,Fonctionnaire,"Fajitas, Cousous, Pâtes, Poulet rôti , Sushi","Poulet rôti, Riz, Pâtes ",Oui,"Cuisine marocaine, Cuisine libanaise, Cuisine asiatique",Non,,Non,"Poisson, Viande, Poulet",Maintenir votre poids,15-30 minutes,Oui,Musculation,Oui,Régime sans sucre et sans huile,"Me sentir en forme, Booster mon énergie, Atteindre un objectif personnel",,3
103,02/11/2024 21:41:02,22,Femme,Marocain,Fès-Meknès,54,165,Étudiant,Couscous,"Lentilles, Loubia",Oui,"Cuisine marocaine, Cuisine italienne, Cuisine libanaise, Cuisine asiatique",Non,,Non,"Poisson, Viande, Poulet",Gagner du poids,30-60 minutes,Non,,Non,,,,2
104,02/11/2024 21:42:27,28,Homme,Marocain,Deraa-Tafilalet,90,180,Fonctionnaire,Seffa,"Couscous, Tajine, Harira, Pastilla, Poulet rôti",Oui,"Cuisine marocaine, Cuisine italienne, Cuisine libanaise",Non,,Non,Viande,Perdre du poids,15-30 minutes,Non,,Non,,,,1
105,02/11/2024 21:43:04,22,Femme,Marocain,Rabat-Salé-Kenitra,52,164,Autre,"Poulet rôti , Rfissa",Tajine,Oui,"Cuisine marocaine, Cuisine italienne, Cuisine libanaise",Non,,Non,"Poisson, Viande, Poulet",Maintenir votre poids,1-3 heures,Non,,Non,,,,1
106,02/11/2024 21:44:30,22,Femme,Marocain,Rabat-Salé-Kenitra,50,153,Étudiant,Poulet farci,"Spaghetti, Poulet",Oui,"Cuisine marocaine, Cuisine italienne",Non,,Non,Poulet,Maintenir votre poids,15-30 minutes,Non,,Non,,,,3
107,02/11/2024 21:45:27,22,Homme,Marocain,Rabat-Salé-Kenitra,56,180,Étudiant,"Pizza,Tajine,Spaghetti,Pastilla,Sushi","Pizza,Tajine",Oui,"Cuisine italienne, Cuisine asiatique, Cuisine mexicaine",Non,,Non,Poulet,Gagner du poids,30-60 minutes,Oui,Basketball,Non,,,,1
108,02/11/2024 21:45:52,21,Femme,Marocain,Rabat-Salé-Kenitra,49,160,Étudiant,"Couscous,Tajine de poisson, Pastilla au poisson, Paella,Salade marocaine",Pastilla ,Oui,"Cuisine marocaine, Cuisine italienne, Cuisine libanaise, Cuisine asiatique, Cuisine espagnole",Non,,Non,Poisson,Maintenir votre poids,30-60 minutes,Non,,Non,,,Anémie,3
109,02/11/2024 21:48:38,22,Femme,Marocain,Rabat-Salé-Kenitra,63,161,Étudiant,"Poulet rôti , Pizza, Rfissa, Mecheoui","Pizza, Pâtes, Paella, Sandwich ",Oui,"Cuisine marocaine, Cuisine italienne",Non,,Non,Viande,Maintenir votre poids,15-30 minutes,Oui,Musculation,Non,,,,3
110,02/11/2024 21:48:52,22,Homme,Marocain,Casablanca-Settat,76,182,Étudiant,Mrouzia,Pâtes,Oui,Cuisine marocaine,Non,,Non,Viande,Maintenir votre poids,30-60 minutes,Oui,Football,Non,,,,1
111,02/11/2024 21:50:15,22,Femme,Marocain,Deraa-Tafilalet,54,165,Étudiant,"Zaalouk, Couscous, Tajine de boulettes de poisson, Harira, Poulet rôti ","Zaalouk, Couscous, Viande haché, Tajine de poisson, Harira, Poulet rôti",Oui,Cuisine marocaine,Non,,Oui,"Poisson, Poulet",Maintenir votre poids,30-60 minutes,Non,,Non,,,,1
112,02/11/2024 21:50:25,19,Femme,Marocain,Tanger-Tétouan-Al Hoceima,50,165,Étudiant,Poulet,Poulet ,Oui,"Cuisine marocaine, Cuisine italienne",Non,,Non,Poulet,Gagner du poids,1-3 heures,Non,,Non,,,Anémie,3
113,02/11/2024 21:52:47,52,Femme,Marocain,Rabat-Salé-Kenitra,73,162,Autre,"Msemen, Rfissa, Poulet rôti , Pastilla au poisson, Couscous",Tajine,Oui,Cuisine marocaine,Non,,Non,Poisson,Perdre du poids,15-30 minutes,Oui,Natation,Non,,,,1
114,02/11/2024 21:53:42,18,Homme,Marocain,Rabat-Salé-Kenitra,75,178,Étudiant,"Gratin, Lentilles, Purée de pomme de terre, Poisson, Rfissa","Riz,Lentilles,Salade de fruits",Oui,"Cuisine italienne, Cuisine espagnole",Non,,Non,Poisson,Maintenir votre poids,30-60 minutes,Non,,Oui,Régime pour perdre du poids (calorie deficit),"Perdre du poids, Me sentir en forme",Diabète,3
115,02/11/2024 21:56:36,21,Femme,Marocain,Casablanca-Settat,68,169,Étudiant,"Pastilla , Poulet rôti ,Viande avec pruneaux , Tacos ,Mecheoui",Indomi ,Oui,"Cuisine marocaine, Cuisine italienne, Cuisine libanaise, Cuisine asiatique, Cuisine française, Cuisine espagnole",Non,,Oui,Viande,Maintenir votre poids,30-60 minutes,Oui,Musculation ,Oui,.  ,Pour ma santé,Anémie,3
116,02/11/2024 21:56:41,18,Femme,Marocain,Deraa-Tafilalet,65,163,Étudiant,"Couscous, Frites, Rfissa","Poulet , Tajine ",Oui,Cuisine marocaine,Non,,Non,Poisson,Perdre du poids,15-30 minutes,Non,,Non,,,,2
117,02/11/2024 21:58:22,21,Femme,Marocain,Fès-Meknès,50,171,Étudiant,"Rfissa,Couscous,Pâtes,Tajine","Riz, Pâtes,Cordon bleu, Poulet",Oui,"Cuisine marocaine, Cuisine asiatique",Oui,Allergie à la cannelle,Non,Poulet,Gagner du poids,30-60 minutes,Non,,Non,,,,1
118,02/11/2024 21:59:04,21,Femme,Marocain,Casablanca-Settat,50,156,Étudiant,"Pastilla,Pizza",Pâtes,Oui,"Cuisine marocaine, Cuisine italienne",Non,,Non,Poulet,Maintenir votre poids,15-30 minutes,Non,,Non,,"Me sentir en forme, Booster mon énergie",,2
119,02/11/2024 22:02:00,22,Homme,Marocain,Rabat-Salé-Kenitra,60,164,Étudiant,"Couscous, Pastilla, Friture de poisson , Paella,Rfissa","Steak,Salade marocaine , Poisson ",Oui,"Cuisine marocaine, Cuisine italienne, Cuisine mexicaine",Non,,Oui,"Poisson, Poulet",Gagner du poids,15-30 minutes,Oui,"Football , Volley-ball, Musculation ",Oui,Régime sportif équilibré,"Booster mon énergie, Pour ma santé, Atteindre un objectif personnel",,3
120,02/11/2024 22:02:09,20,Femme,Marocain,Béni Mellal-Khénifra,60,166,Étudiant,"Tajine,Sushi,Rfissa,Tacos, Pizza","Tajine,Couscous,Mrouzia,Rfissa,Paella",Oui,"Cuisine marocaine, Cuisine italienne",Non,,Non,Poulet,Perdre du poids,30-60 minutes,Non,,Oui,Régime pour perdre du poids (calorie deficit),"Perdre du poids, Me sentir en forme, Booster mon énergie, Pour ma santé, Atteindre un objectif personnel",,1
121,02/11/2024 22:02:11,21,Femme,Marocain,Rabat-Salé-Kenitra,45,165,Étudiant,"Couscous,Rfissa, Harira, Tajine",Tajine au légumes,Oui,"Cuisine marocaine, Cuisine mexicaine",Non,,Non,"Poisson, Viande, Poulet",Gagner du poids,30-60 minutes,Non,,Non,,,,1
122,02/11/2024 22:02:55,22,Homme,Marocain,Rabat-Salé-Kenitra,69,181,Étudiant,Pizza,Steak,Oui,Cuisine italienne,Non,,Non,Poulet,Gagner du poids,15-30 minutes,Oui,Boxe anglaise,Non,,,,2
123,02/11/2024 22:03:00,52,Femme,Marocain,Rabat-Salé-Kenitra,73,162,Fonctionnaire,"Poulet rôti, Pastilla, Seffa, Viande haché, Friture de poisson","Tajine, Poulet, Couscous, Viande",Oui,Cuisine marocaine,Non,,Non,Poulet,Perdre du poids,30-60 minutes,Oui,Natation ,Non,,,,1
124,02/11/2024 22:04:10,22,Femme,Marocain,Rabat-Salé-Kenitra,52,158,Étudiant,Rfissa,"Tajine,Harira,Couscous",Oui,Cuisine marocaine,Non,,Non,Poisson,Maintenir votre poids,30-60 minutes,Non,,Non,,,,1
125,02/11/2024 22:04:48,22,Femme,Marocain,Béni Mellal-Khénifra,48,160,Étudiant,"Rfissa, Poulet rôti,Viande avec pruneaux,Pastilla au poisson,Mecheoui",Tous,Oui,"Cuisine marocaine, Cuisine italienne, Cuisine libanaise, Cuisine asiatique, Cuisine mexicaine, Cuisine française, Cuisine espagnole",Non,,Oui,Poulet,Gagner du poids,30-60 minutes,Non,,Non,,,,1
126,02/11/2024 22:09:58,21,Homme,Marocain,Rabat-Salé-Kenitra,78,176,Étudiant,"Kebab, Pastilla, Lasagne, Pâtes","Omelette, Sandwich, Dinde",Oui,"Cuisine marocaine, Cuisine italienne, Cuisine libanaise, Cuisine française",Non,,Non,Poulet,Maintenir votre poids,15-30 minutes,Oui,Basketball,Oui,Régime méditerranéen riche en protéines,"Me sentir en forme, Pour ma santé, Atteindre un objectif personnel",,3
127,02/11/2024 22:10:12,22,Femme,Marocain,Fès-Meknès,60,155,Étudiant,"Pastilla, Couscous, Rfissa, Poisson, Loubia",Tajine,Oui,Cuisine marocaine,Non,,Non,Viande,Maintenir votre poids,30-60 minutes,Non,,Non,,,,1
128,02/11/2024 22:15:47,21,Femme,Marocain,Fès-Meknès,58,161,Étudiant,Pastilla,Sandwich,Oui,"Cuisine marocaine, Cuisine italienne, Cuisine asiatique, Cuisine française",Non,,Non,Poisson,Maintenir votre poids,15-30 minutes,Non,,Non,,,Anémie,1
129,02/11/2024 22:17:47,22,Homme,Marocain,Rabat-Salé-Kenitra,80,180,Étudiant,"Riz avec du poulet, Avoine trempée, Crêpes à l'avoine, Sandwich au thon, Œufs","Chicken & rice, Overnight oats, Omelette, Sandwich,Œufs",Oui,"Cuisine marocaine, Cuisine italienne, Cuisine asiatique, Cuisine française",Non,,Non,"Poisson, Viande, Poulet, Oeufs",Gagner du poids,15-30 minutes,Oui,Bodybuilding,Oui,Régime simple (repas faciles et sains),"Perdre du poids, Me sentir en forme, Booster mon énergie, Pour ma santé, Atteindre un objectif personnel",,3
130,02/11/2024 22:17:52,17,Femme,Marocain,Casablanca-Settat,45,160,Étudiant,"Tagliatelle Alfredo, Burger , les pattes  sauces blanches , Pâtes,Seffa Medfouna","Tagliatelle Alfredo , Burger , Tajine, Indomi , Tomates aux oeufs",Oui,"Cuisine marocaine, Cuisine italienne, Cuisine asiatique",Non,,Non,"Poisson, Viande",Maintenir votre poids,30-60 minutes,Non,,Non,,,Anémie,1
131,02/11/2024 22:18:11,18,Femme,Marocain,Fès-Meknès,52,"156,5",Étudiant,"Poulet rôti , Pastilla , Sushi, Rfissa, Shawarma","Poulet rôti , Tajine, Œufs, Pâtes ",Oui,"Cuisine marocaine, Cuisine italienne, Cuisine libanaise, Cuisine asiatique",Non,,Non,Poulet,Gagner du poids,30-60 minutes,Non,,Oui,"Régime sans produits industriels,Régime sans viande et sans graisses animales",Pour ma santé,,1
132,02/11/2024 22:19:06,20,Femme,Marocain,Fès-Meknès,50,158,Étudiant,"Tajine , Poulet rôti , Couscous, Salade marocaine , Sardine grillée ","Dinde , Tagine , Poulet rôti , Pizza , Tacos",Oui,"Cuisine marocaine, Cuisine italienne",Non,,Non,Poulet,Gagner du poids,30-60 minutes,Non,,Non,,,,1
133,02/11/2024 22:21:17,22,Femme,Marocain,Fès-Meknès,60,169,Étudiant,"Tajine, Couscous, Pastilla, Poulet rôti","Poulet, Poisson",Oui,Cuisine marocaine,Non,,Non,Poulet,Maintenir votre poids,1-3 heures,Oui,"Course, Gymnastique",Non,,,,3
134,02/11/2024 22:22:47,22,Femme,Marocain,Casablanca-Settat,37,147,Étudiant,Pastilla,Tajine,Oui,Cuisine marocaine,Non,,Non,Poisson,Gagner du poids,1-3 heures,Non,,Non,,,Anémie,1
135,02/11/2024 22:23:19,61,Homme,Marocain,Rabat-Salé-Kenitra,92,168,Fonctionnaire,"Salade marocaine, Harira, Fèves, Tajine de pommes de terre, Loubia","Salade marocaine, Pomme de terre aux olives, Couscous, Harira",Oui,"Cuisine marocaine, Cuisine libanaise",Non,,Non,Poisson,Perdre du poids,30-60 minutes,Oui,Aikido,Non,,,,1
136,02/11/2024 22:29:45,21,Femme,Marocain,Tanger-Tétouan-Al Hoceima,51,158,Étudiant,"Mecheoui, Burger, Tajine de poulet","Sandwich, Paella, Spaghetti ",Oui,"Cuisine marocaine, Cuisine italienne",Non,,Non,Poulet,Gagner du poids,1-3 heures,Non,,Non,,,,1
137,02/11/2024 22:30:10,21,Homme,Marocain,Fès-Meknès,60,178,Étudiant,"Pizza,Tajine",Tajine,Oui,Cuisine marocaine,Non,,Non,Viande,Maintenir votre poids,30-60 minutes,Oui,Football,Non,,,,1
138,02/11/2024 22:30:40,65,Homme,Marocain,Rabat-Salé-Kenitra,62,175,Retraité,"Couscous, Poisson grillé, Soupe au poisson,Soupe de légumes, Lentilles ","Couscous, Tajine, Sardine",Oui,Cuisine marocaine,Non,,Non,Poisson,Maintenir votre poids,30-60 minutes,Non,,Non,,,,1
139,02/11/2024 22:33:28,21,Homme,Marocain,Souss-Massa,80,179,Étudiant,"Riz, Poulet, Steak, Dinde , Viande haché","Riz ,Légumes,Dinde,Viande",Oui,Cuisine marocaine,Non,,Non,Poisson,Gagner du poids,15-30 minutes,Oui,Musculation,Oui,,"Me sentir en forme, Booster mon énergie, Pour ma santé, Atteindre un objectif personnel",,1
140,02/11/2024 22:34:07,60,Homme,Marocain,Rabat-Salé-Kenitra,72,178,Retraité,Tajine,Tajine,Oui,Cuisine marocaine,Non,,Oui,"Poisson, Viande, Poulet",Maintenir votre poids,30-60 minutes,Non,,Non,,,,1
141,02/11/2024 22:34:22,64,Femme,Marocain,Rabat-Salé-Kenitra,56,161,Retraité,"Salade marocaine, Poisson, Couscous, Pastilla, Gratin","Salades, Tajine, couscous, Pâtes, Gratin",Oui,Cuisine italienne,Non,,Non,Poisson,Gagner du poids,30-60 minutes,Non,,Non,,,Hypothyroidie,3
142,02/11/2024 22:39:14,39,Femme,Marocain,Rabat-Salé-Kenitra,60,165,Autre,"Salade marocaine,Chakchouka,Falafel,Ratatouille","Sushi,Rfissa,Pastilla,Tajine",Oui,Cuisine marocaine,Non,,Non,Poisson,Maintenir votre poids,30-60 minutes,Oui,Marche,Oui,Régime pour diabète (contrôle de la glycémie),Pour ma santé,Diabète,1
143,02/11/2024 22:39:48,19,Femme,Marocain,Rabat-Salé-Kenitra,55,165,Étudiant,"Rfissa,Poulet rôti,Pastilla",Poulet rôti,Oui,Cuisine marocaine,Non,,Non,Poulet,Gagner du poids,1-3 heures,Non,,Non,,,Anémie,1
144,02/11/2024 22:41:52,19,Femme,Marocain,Souss-Massa,56,167,Étudiant,"Pizza , Poulet rôti, Brochettes, Pastilla","Poulet, Viande haché, Pastilla, Pizza",Oui,Cuisine marocaine,Non,,Non,"Viande, Poulet",Gagner du poids,1-3 heures,Oui,Cardio,Non,,,,1
145,02/11/2024 22:42:13,26,Femme,Marocain,Rabat-Salé-Kenitra,60,169,Autre,Couscous,Gratin ,Oui,Cuisine marocaine,Non,,Non,Poisson,Perdre du poids,30-60 minutes,Non,,Non,,,Anémie,3
146,02/11/2024 22:44:36,21,Femme,Marocain,Marrakech-Safi,62,162,Étudiant,"Pâtes  ,  Pastilla , Rfissa  ,Tajine , Paellla","Pâtes,Poulet , Gratin,Viande haché , Couscous , Salade ,Tajine",Oui,"Cuisine marocaine, Cuisine italienne, Cuisine mexicaine",Non,,Non,"Poisson, Poulet",Maintenir votre poids,15-30 minutes,Oui,Musculation,Non,,,,3
147,02/11/2024 22:44:56,22,Homme,Marocain,Rabat-Salé-Kenitra,74,172,Étudiant,Escalopes de dinde,Salade mexicaine,Oui,"Cuisine marocaine, Cuisine italienne, Cuisine mexicaine, Cuisine espagnole",Non,,Non,"Poisson, Viande, Poulet",Perdre du poids,30-60 minutes,Non,,Non,,,,3
148,02/11/2024 22:45:33,22,Femme,Marocain,Marrakech-Safi,50,159,Étudiant,"Rfissa, Pizza, Tajine,Harira ","Tajine, Couscous, Pizza, Pâtes ",Oui,"Cuisine marocaine, Cuisine italienne",Non,,Non,Poisson,Maintenir votre poids,30-60 minutes,Oui,Course ,Non,,,,1
149,02/11/2024 22:46:27,22,Femme,Marocain,Rabat-Salé-Kenitra,53,163,Autre,"Couscous , Shawarma, Pastilla,Viande avec pruneaux, Poulet rôti ",Pâtes,Oui,"Cuisine marocaine, Cuisine italienne, Cuisine mexicaine",Oui,Allergie aux fruits tropicaux,Non,Viande,Maintenir votre poids,30-60 minutes,Oui,Kickboxing,Non,,,Hypertension artérielle,1
150,02/11/2024 22:46:44,21,Homme,Marocain,Deraa-Tafilalet,68,175,Étudiant,"Tacos , Pizza , Tajine , Couscous",Poulet rôti,Oui,Cuisine marocaine,Non,,Oui,Poulet,Maintenir votre poids,30-60 minutes,Oui,"Football,Volley-ball",Non,,,,1
151,02/11/2024 22:47:24,18,Femme,Marocain,Casablanca-Settat,51,163,Étudiant,"Pâtes,Poulet rôti , Rfissa,Pastichio ,Tacos","Pâtes ,Tacos ,Tajine ",Oui,"Cuisine marocaine, Cuisine italienne, Cuisine française",Non,,Non,"Viande, Poulet",Gagner du poids,15-30 minutes,Non,,Non,,,,3
152,02/11/2024 22:49:30,42,Femme,Marocain,Rabat-Salé-Kenitra,74,170,Autre,Pastilla ,Poulet,Non,Cuisine marocaine,Non,,Non,Poisson,Perdre du poids,1-3 heures,Non,,Oui,,Perdre du poids,,3
153,02/11/2024 22:50:45,18,Femme,Marocain,Casablanca-Settat,51,163,Étudiant,"Pâtes,Rfissa ,Tacos ,Pastichio ,Pastilla","Pâtes,Tacos, Tajine ",Oui,"Cuisine marocaine, Cuisine italienne, Cuisine française",Non,,Non,"Viande, Poulet",Gagner du poids,15-30 minutes,Non,,Non,,,,3
154,02/11/2024 22:53:41,50,Homme,Marocain,Rabat-Salé-Kenitra,86,184,Fonctionnaire,"Poulet rôti,Salade marocaine,Rfissa",Poisson ,Oui,Cuisine marocaine,Non,,Non,"Poisson, Poulet",Perdre du poids,15-30 minutes,Non,,Non,, ,,1
155,02/11/2024 22:53:48,21,Femme,Marocain,Deraa-Tafilalet,62,165,Étudiant,"Tajine, Pastilla, Soupe d'orge , Poulet rôti,Viande avec pruneaux","Tajine, balaboul, Medfouna",Oui,Cuisine marocaine,Non,,Non,"Poisson, Viande, Poulet",Perdre du poids,30-60 minutes,Non,,Non,,,,1
156,02/11/2024 22:54:20,23,Homme,Marocain,Guelmim-Oued Noun,72,175,Étudiant,"Tajine, Poulet rôti, Couscous ","Poulet rôti, Couscous, Tacos, Pastilla, Tajine",Oui,Cuisine marocaine,Non,,Non,"Viande, Poulet",Gagner du poids,30-60 minutes,Oui,"Fitness, Footing",Non,,"Me sentir en forme, Booster mon énergie",Trouble digestif ,1
157,02/11/2024 22:58:40,20,Femme,Marocain,Casablanca-Settat,65,165,Étudiant,"Pastilla , Sushi ","Tajine, Omelette , Fajitas",Oui,"Cuisine marocaine, Cuisine italienne, Cuisine asiatique",Non,,Non,Poulet,Maintenir votre poids,30-60 minutes,Non,,Non,,,,3
158,02/11/2024 23:03:54,49,Femme,Marocain,Fès-Meknès,70,156,Fonctionnaire,"Poisson,Paella,Poulet, Pâtes,Pois chiche à la marocaine","Poisson,Paella,Poulet, Pâtes,Pois chiche",Oui,Cuisine marocaine,Non,,Non,Poisson,Perdre du poids,30-60 minutes,Oui,Natation ,Non,,,Anémie,1
159,02/11/2024 23:04:57,22,Femme,Marocain,Rabat-Salé-Kenitra,62,164,Étudiant,"Pastilla, Dumplings, Ravioli, Poulet rôti , Seffa","Tajine, Spaghetti, Paella, Poulet rôti",Oui,"Cuisine marocaine, Cuisine italienne, Cuisine libanaise, Cuisine asiatique, Cuisine mexicaine, Cuisine espagnole, Cuisine indienne, Cuisine syrienne ",Non,,Non,"Poisson, Viande, Poulet",Perdre du poids,30-60 minutes,Oui,Aérobic ,Non,,,Anémie,3
160,02/11/2024 23:05:44,23,Femme,Marocain,Fès-Meknès,73,164,Étudiant,"Salade, Rfissa, Poulet rôti","Salade, Riz, Sandwich, Pâtes",Oui,Cuisine marocaine,Non,,Non,Poulet,Perdre du poids,15-30 minutes,Non,,Non,,,Anémie,3
161,02/11/2024 23:12:47,20,Femme,Marocain,Tanger-Tétouan-Al Hoceima,63,159,Étudiant,"Spaghetti, Lasagne,Crevettes pilpil , Burger,Pizza","Lasagne, Pizza",Oui,"Cuisine marocaine, Cuisine italienne",Non,,Non,Poulet,Maintenir votre poids,15-30 minutes,Non,,Non,,,,1
162,02/11/2024 23:15:13,23,Femme,Marocain,Marrakech-Safi,68,176,Étudiant,"Pastilla ,Poulet rôti,  Rfissa , Lentilles, Tajine","Pastilla,  Poulet rôti, Rfissa , Lentille, Tajine",Oui,Cuisine marocaine,Non,,Non,Poulet,Maintenir votre poids,30-60 minutes,Non,,Non,,,,1
163,02/11/2024 23:15:21,57,Femme,Marocain,Rabat-Salé-Kenitra,86,167,Fonctionnaire,"Viande avec brune, Tajine,sushi","Tajine de poulet , Tajine de viande, Harira",Oui,Cuisine marocaine,Non,,Non,Poisson,Perdre du poids,30-60 minutes,Non,,Non,,,,1
164,02/11/2024 23:15:24,21,Femme,Marocain,Rabat-Salé-Kenitra,65,163,Étudiant,Sushi,Spaghetti,Oui,"Cuisine marocaine, Cuisine italienne, Cuisine asiatique",Non,,Non,Poulet,Perdre du poids,30-60 minutes,Non,,Non,,,Anémie,3
165,02/11/2024 23:17:22,20,Femme,Marocain,Fès-Meknès,56,160,Étudiant,"Pastilla,Spaghetti,Lasagne,Pizza,Dinde","Viande haché ,Spaghetti ,Lasagne, Pizza, Dinde ",Oui,"Cuisine marocaine, Cuisine italienne, Cuisine mexicaine",Non,,Non,Poulet,Maintenir votre poids,30-60 minutes,Oui,Jogging,Oui,,Me sentir en forme,,3
166,02/11/2024 23:22:26,39,Femme,Marocain,Rabat-Salé-Kenitra,71,168,Fonctionnaire,Couscous,Rfissa,Oui,Cuisine marocaine,Non,,Oui,Poisson,Perdre du poids,30-60 minutes,Oui,Cardio,Non,,Perdre du poids,Anémie,3
167,02/11/2024 23:26:45,20,Femme,Marocain,Tanger-Tétouan-Al Hoceima,75,168,Étudiant,"Rfissa, Seffa, Pastilla, Viande avec pruneaux, Pâtes","Tacos, Pizza",Oui,"Cuisine marocaine, Cuisine italienne, Cuisine asiatique, Cuisine espagnole",Non,,Non,Poisson,Perdre du poids,30-60 minutes,Non,,Non,,,,3
168,02/11/2024 23:27:02,22,Femme,Marocain,Fès-Meknès,59,155,Étudiant,"Pizza , Shawarma, Tajine",Sandwich ,Oui,Cuisine marocaine,Non,,Non,Poulet,Maintenir votre poids,30-60 minutes,Non,,Non,,"Me sentir en forme, Booster mon énergie, Pour ma santé",,1
169,02/11/2024 23:27:12,64,Homme,Marocain,Rabat-Salé-Kenitra,70,174,Retraité,"Poisson, Couscous,Tanjia,Rfissa, Poulet","Poisson, Couscous, Lentille, Tajine",Oui,"Cuisine marocaine, Cuisine libanaise, Cuisine palestinienne",Non,,Oui,"Poisson, Poulet",Maintenir votre poids,30-60 minutes,Oui,Marche,Oui,Régime traditionnel méditerranéen,"Me sentir en forme, Pour ma santé",Diabète,3
170,02/11/2024 23:32:28,21,Femme,Marocain,Fès-Meknès,61,164,Étudiant,Pastilla,Poulet rôti,Oui,Cuisine marocaine,Non,,Non,Poulet,Maintenir votre poids,30-60 minutes,Non,,Non,,,,3
171,02/11/2024 23:32:32,44,Femme,Marocain,Fès-Meknès,85,170,Fonctionnaire,"Harira, Poulet, Poisson, Gratin","Gratin, Poulet",Oui,Cuisine marocaine,Non,,Non,Poisson,Perdre du poids,15-30 minutes,Non,,Non,,,,2
172,02/11/2024 23:32:46,22,Femme,Marocain,Fès-Meknès,41,157,Étudiant,"Couscous,Pâtes,Poulet,Rfissa,Viande avec pruneaux","Pizza, Couscous, Poulet rôti, Tajine au légumes ",Oui,"Cuisine marocaine, Cuisine italienne, Cuisine asiatique, Cuisine française, Cuisine espagnole",Oui,Allergie à la mayonnaise  ketchup et sferjel,Non,"Poisson, Viande, Poulet",Gagner du poids,15-30 minutes,Non,,Non,,,,1
173,02/11/2024 23:33:52,21,Femme,Pakistanais,Je ne suis pas marocain,60,169,Étudiant,"Biryani, Butter chicken, Korma, Lasagne","Biryani, Pates, Riz",Oui,Cuisine pakistanaise,Non,,Non,Poulet,Perdre du poids,15-30 minutes,Non,,Non,,,,2
174,02/11/2024 23:33:34,21,Femme,Marocain,Fès-Meknès,65,168,Étudiant,"Tajine, Poulet rôti , Légumineuses","Tajine, légumes sautés, Steak, Pizza, Salades",Oui,"Cuisine marocaine, Cuisine italienne, Cuisine française, Cuisine espagnole",Oui,Allergie aux ananas ,Non,"Poisson, Viande, Poulet",Maintenir votre poids,1-3 heures,Non,,Non,,,,3
175,02/11/2024 23:35:15,21,Femme,Marocain,Béni Mellal-Khénifra,55,162,Étudiant,"Rfissa , Pastilla, Salade verte, Soupe , Gâteau au chocolat","Salades, Toast",Oui,"Cuisine marocaine, Cuisine italienne, Cuisine française",Non,,Non,Poisson,Maintenir votre poids,15-30 minutes,Non,,Oui,Régime paléo,"Pour ma santé, Intolérance du lactose gluten et maux d’estomac ",,3
176,02/11/2024 23:35:26,40,Femme,Marocain,Fès-Meknès,75,156,Fonctionnaire,"Couscous,Pastilla,Kebab,Tajine,Harira","Couscous, Tajine",Oui,"Cuisine marocaine, Cuisine italienne, Cuisine libanaise",Non,,Non,"Poisson, Viande",Perdre du poids,Plus,Non,,Non,,,,2
177,02/11/2024 23:37:23,22,Homme,Marocain,Deraa-Tafilalet,65,163,Étudiant,"Couscous, Viande avec pruneaux","Tajin, Couscous",Oui,Cuisine marocaine,Non,,Non,"Poisson, Viande",Gagner du poids,15-30 minutes,Oui,Basketball,Non,,,,1
178,02/11/2024 23:43:09,20,Femme,Marocain,Souss-Massa,61,162,Étudiant,"Pizza, Poulet ,Salade niçoise ","Pizza, Poulet, Salade niçoise ",Oui,"Cuisine marocaine, Cuisine italienne",Non,,Non,Poulet,Maintenir votre poids,30-60 minutes,Oui,Basketball,Non,,,,1
179,02/11/2024 23:45:28,38,Femme,Marocain,Fès-Meknès,65,42,Fonctionnaire,"Couscous, Harira,Poulet rôti","Poulet, Couscous",Oui,"Cuisine marocaine, Cuisine italienne, Cuisine asiatique",Non,,Non,"Viande, Poulet",Maintenir votre poids,30-60 minutes,Non,,Non,,,,1
180,02/11/2024 23:53:34,20,Femme,Marocain,Oriental,55,163,Étudiant,"Pizza, Poulet rôti, Tajine de poulet,Tacos,Rfissa,Bissara","Tajine, Lentilles, Loubia",Oui,"Cuisine marocaine, Cuisine italienne, Cuisine asiatique, Cuisine mexicaine",Non,,Non,"Poisson, Poulet",Perdre du poids,30-60 minutes,Oui,,Non,,"Me sentir en forme, Booster mon énergie, Pour ma santé",,3
181,02/11/2024 23:57:20,21,Femme,Marocain,Casablanca-Settat,64,170,Étudiant,Rfissa,"Salade, Tajine",Oui,"Cuisine marocaine, Cuisine italienne, Cuisine libanaise",Oui,Allergie à la pêche,Non,"Viande, Poulet",Perdre du poids,30-60 minutes,Non,,Oui,Régime sans sucre et sans gluten,,Opk,1
182,03/11/2024 00:00:01,22,Femme,Marocain,Tanger-Tétouan-Al Hoceima,56,176,Étudiant,"Salade César, Tajine de poulet, Rfissa, Tajine d'agneau aux pruneaux, Shawarma ","Pâtes, Tortilla, Tajine de poulet, oeufs aux tomates, Lentilles ",Oui,"Cuisine marocaine, Cuisine libanaise, Cuisine espagnole",Non,,Non,Poulet,Maintenir votre poids,15-30 minutes,Oui,"Raquettes : badminton, Tennis",Non,,,Anémie,1
183,03/11/2024 00:00:02,20,Femme,Marocain,Casablanca-Settat,62,161,Étudiant,"Rfissa , Pâtes, Tajine , Pastilla, Pizza","Pâtes, Tajine ",Oui,"Cuisine marocaine, Cuisine italienne",Non,,Non,Poisson,Perdre du poids,15-30 minutes,Oui,Course,Non,,,,3
184,03/11/2024 00:03:09,17,Femme,Marocain,Tanger-Tétouan-Al Hoceima,55,160,Étudiant,"Pizza , Tajine, Pâtes, Sandwich ","Pâtes, Tajine, Pizza ",Oui,Cuisine marocaine,Non,,Non,"Poisson, Viande, Poulet",Gagner du poids,30-60 minutes,Non,,Non,,,,1
185,03/11/2024 00:12:46,21,Homme,Marocain,Oriental,47,172,Étudiant,"Pastilla, Poisson, Couscous, Viande haché, Tacos","Pâtes, Tajine",Oui,Cuisine marocaine,Non,,Non,Poisson,Gagner du poids,15-30 minutes,Non,,Non,,,Rhumatismes ,1
186,03/11/2024 00:12:56,18,Femme,Marocain,Fès-Meknès,52,159,Étudiant,"Couscous , Poulet rôti  , Rfissa , Pastilla, Kebab","Couscous, Sushi , Rfissa, Seffa Medfouna, Poulet rôti",Oui,Cuisine marocaine,Non,,Non,Poulet,Gagner du poids,1-3 heures,Non,,Non,,,,2
187,03/11/2024 00:14:18,18,Femme,Marocain,Casablanca-Settat,58,158,Étudiant,"Seffa Medfouna,Poulet rôti ,Viande avec pruneaux,Pastilla,Mecheoui","Tajine, Sandwich, Salades, Tajine, Pâtes ",Oui,"Cuisine marocaine, Cuisine italienne, Cuisine mexicaine",Oui,Allergie à la fraise,Non,Viande,Perdre du poids,15-30 minutes,Non,,Non,,,,1
188,03/11/2024 00:14:36,19,Femme,Marocain,Rabat-Salé-Kenitra,49,163,Étudiant,"Couscous, Tajine de poulet",Poulet,Oui,"Cuisine marocaine, Cuisine française",Non,,Non,Poulet,Maintenir votre poids,30-60 minutes,Non,,Oui,Régime anti-inflammatoire,Pour ma santé,,2
189,03/11/2024 00:23:42,20,Homme,Marocain,Rabat-Salé-Kenitra,65,178,Étudiant,"Poulet,Poisson",Poulet rôti,Oui,Cuisine marocaine,Non,,Non,"Poisson, Viande, Poulet",Gagner du poids,30-60 minutes,Oui,Gym,Non,,,,1
190,03/11/2024 00:34:20,18,Femme,Marocain,Casablanca-Settat,64,168,Étudiant,Rfissa,"Tajine, Pâtes",Oui,"Cuisine marocaine, Cuisine libanaise",Non,,Non,"Viande, Poulet",Perdre du poids,1-3 heures,Non,,Non,,,,1
191,03/11/2024 01:12:19,20,Femme,Marocain,Casablanca-Settat,47,"155,5",Étudiant,"Poulet , Pizza, Burger, Pastilla, Poisson","Poulet, Poisson, Tajine de poulet",Oui,"Cuisine marocaine, Cuisine française",Non,,Non,"Poisson, Poulet",Gagner du poids,30-60 minutes,Non,,Oui,Régime faible en FODMAP,Pour ma santé,Trouble digestif ( colon et estomac),1
192,03/11/2024 03:04:24,34,Homme,Marocain,Marrakech-Safi,80,172,Autre,"Pizza,Pâtes,Riz,Salade","Pizza, Pâte, Riz, Salade",Oui,"Cuisine marocaine, Cuisine italienne, Cuisine asiatique, Cuisine française, Cuisine indienne",Oui,Allergie aux crevettes,Non,"Poisson, Viande, Poulet",Maintenir votre poids,15-30 minutes,Oui,"Football,Vélo,Musculation ",Oui,Jeûne intermittent,Être stable ,,2
193,03/11/2024 03:07:04,50,Femme,Marocain,Rabat-Salé-Kenitra,88,157,Autre,"Riz sénégalais,Kapssa libanaise,Couscous , Yassa sénégalaise,Poulet ","Riz, Poulet, Pâte ",Oui,"Cuisine marocaine, Cuisine libanaise, Cuisine sénégalaise",Oui,Sinusite,Non,Poisson,Perdre du poids,30-60 minutes,Oui,Natation,Oui,Jeûne intermittent,"Perdre du poids, Me sentir en forme, Pour ma santé",Diabète,1
194,03/11/2024 07:12:23,51,Femme,Marocain,Fès-Meknès,76,84,Fonctionnaire,"Poisson, Salade, Légumineuses, Couscous, Tajine","Salade, Couscous",Oui,"Cuisine marocaine, Cuisine asiatique, Cuisine française",Non,,Non,"Poisson, Poulet",Perdre du poids,30-60 minutes,Non,,Oui,Jeûne intermittent,"Perdre du poids, Me sentir en forme, Pour ma santé",,3
195,03/11/2024 07:33:17,19,Femme,Marocain,Fès-Meknès,63,170,Étudiant,"Tajine , Couscous","Poulet rôti, Couscous, Tajine",Oui,Cuisine marocaine,Non,,Non,Poisson,Gagner du poids,30-60 minutes,Non,,Non,,,,1
196,03/11/2024 08:05:29,21,Femme,Marocain,Casablanca-Settat,45,152,Étudiant,"Couscous, Pâtes ",Légumes sautés,Oui,"Cuisine marocaine, Cuisine italienne, Cuisine asiatique",Non,,Non,"Viande, Poulet",Maintenir votre poids,30-60 minutes,Oui,Volley-ball ,Non,,,,1
197,03/11/2024 08:18:30,22,Homme,Marocain,Casablanca-Settat,63,181,Étudiant,"Rfissa , Pâtes , Gratin, Lasagne,Tajine","Paella, Pastilla, Pizza, Pâte, Tajine",Oui,"Cuisine marocaine, Cuisine italienne, Cuisine française, Cuisine espagnole",Non,,Non,Poulet,Gagner du poids,30-60 minutes,Oui,Basketball ,Non,,,,2
198,03/11/2024 08:43:56,51,Femme,Marocain,Rabat-Salé-Kenitra,70,151,Fonctionnaire,"Viande avec pruneaux , Couscous , Pastilla au poisson, Salade, Viande hachée ","Tajine, Couscous, Salade, Gratin, Kebab",Oui,Cuisine marocaine,Non,,Non,Viande,Perdre du poids,30-60 minutes,Non,,Non,,,Anémie,1
199,03/11/2024 08:56:28,22,Femme,Marocain,Rabat-Salé-Kenitra,66,166,Étudiant,"Sushi, Mrouzia, Pastilla au poisson ","Tajine, Couscous ",Oui,"Cuisine marocaine, Cuisine libanaise, Cuisine française",Oui,Allergie à la patate douce,Non,Poisson,Perdre du poids,30-60 minutes,Non,,Oui,Jeune intermittent ,Perdre du poids,,3
200,03/11/2024 09:11:29,20,Homme,Marocain,Deraa-Tafilalet,55,168,Étudiant,Tajine,Tajine,Oui,Cuisine marocaine,Non,,Non,Poisson,Gagner du poids,30-60 minutes,Oui,Course,Non,,,,3
201,03/11/2024 09:18:36,22,Femme,Libanais,Je ne suis pas marocain,62,170,Étudiant,"Taboulé, Burger, Pâtes ",Pâte,Oui,Cuisine libanaise,Non,,Non,"Poisson, Viande, Poulet",Perdre du poids,30-60 minutes,Non,,Non,,,,3
202,03/11/2024 09:34:20,22,Femme,Marocain,Béni Mellal-Khénifra,61,158,Étudiant,"Couscous, Rfissa, Pizza","Couscous, Rfissa, Harira",Oui,"Cuisine marocaine, Cuisine asiatique, Cuisine française",Non,,Non,Poisson,Perdre du poids,30-60 minutes,Non,,Oui,,Pour ma santé,Hypertension artérielle,1
203,03/11/2024 09:38:38,20,Femme,Marocain,Marrakech-Safi,51,153,Étudiant,"Pizza , Poulet rôti ","Tacos, Saucisse, Pizza, Steak",Oui,"Cuisine marocaine, Cuisine espagnole",Non,,Non,Poulet,Maintenir votre poids,30-60 minutes,Oui,Musculation ,Non,,,,3
204,03/11/2024 09:47:34,22,Femme,Marocain,Béni Mellal-Khénifra,54,168,Étudiant,Rfissa,"Tajine, Bissara ",Oui,Cuisine marocaine,Non,,Non,"Viande, Poulet",Maintenir votre poids,30-60 minutes,Oui,Gym,Non,,"Me sentir en forme, Booster mon énergie, Pour ma santé",Anémie,1
205,03/11/2024 09:56:51,22,Homme,Marocain,Marrakech-Safi,76,183,Étudiant,"Poulet, Viande hachée , Kebab ,Salade","Tajine, Viande haché, Poisson",Oui,Cuisine marocaine,Non,,Non,Viande,Gagner du poids,30-60 minutes,Oui,Cardio ,Non,,,,1
206,03/11/2024 10:01:40,54,Femme,Marocain,Rabat-Salé-Kenitra,108,168,Autre,"Couscous, Pastilla au Fruit de mer, Salade, Mecheoui","Tajine, Couscous, Gratin, Salade",Oui,Cuisine marocaine,Non,,Non,Viande,Perdre du poids,1-3 heures,Oui,Natation,Oui,Jeûne intermittent,"Perdre du poids, Me sentir en forme",Asmatique,1
207,03/11/2024 10:07:24,50,Femme,Marocain,Rabat-Salé-Kenitra,52,146,Retraité,"Viande avec pruneaux, Tajine de poulet, Pastilla au poisson, Salade, Couscous ","Tajine, Salade ",Oui,"Cuisine marocaine, Cuisine libanaise",Non,,Non,Poisson,Maintenir votre poids,15-30 minutes,Oui,Natation ,Non,,,Anémie,1
208,03/11/2024 10:24:27,21,Femme,Marocain,Rabat-Salé-Kenitra,54,163,Étudiant,"Couscous, Lasagne,Paella, Rfissa, Pastilla","Tajine, Spaghetti, Riz",Oui,"Cuisine marocaine, Cuisine italienne, Cuisine asiatique",Non,,Non,"Poisson, Poulet",Maintenir votre poids,30-60 minutes,Non,,Non,,,Anémie,1
209,03/11/2024 10:27:40,20,Femme,Marocain,Guelmim-Oued Noun,80,160,Étudiant,"Pastilla, Salades, Poulet","Pastilla, Poulet, Tajine ",Oui,Cuisine marocaine,Non,,Non,Viande,Perdre du poids,30-60 minutes,Non,,Oui,,Perdre du poids,,3
210,03/11/2024 10:40:28,20,Homme,Marocain,Deraa-Tafilalet,60,170,Étudiant,"Kebab,Tacos,Pizza, Couscous, Saucisse","Poisson, Tacos, Pizza, Saucisse, Poulet",Oui,"Cuisine marocaine, Cuisine italienne",Non,,Non,"Poisson, Viande, Poulet",Gagner du poids,1-3 heures,Non,,Non,,,,3
211,03/11/2024 10:44:51,21,Femme,Marocain,Oriental,62,173,Étudiant,"Pizza, Pâtes,Viande hachée,Viande,Soupe de poisson",Pizza,Oui,"Cuisine marocaine, Cuisine italienne, Cuisine asiatique",Non,,Non,Viande,Maintenir votre poids,1-3 heures,Non,,Non,,,Anémie,2
212,03/11/2024 10:45:41,26,Femme,Marocain,Rabat-Salé-Kenitra,90,173,Autre,"Pastilla, Rfissa, Pizza, Couscous, Sushi","Couscous, Tajine, Sushi, Kebab, Paella",Oui,"Cuisine marocaine, Cuisine italienne, Cuisine libanaise, Cuisine asiatique",Non,,Non,"Poisson, Viande, Poulet",Perdre du poids,30-60 minutes,Oui,Basketball ,Oui,Régime simple (repas faciles et sains),Perdre du poids,,1
213,03/11/2024 10:51:14,20,Femme,Marocain,Béni Mellal-Khénifra,65,171,Étudiant,"Tajine,Pastilla poulet, Zaalouk,Pasticcio, Gratin","Tajine, Tacos, Pastichio, Zaalouk, Sandwish",Oui,"Cuisine marocaine, Cuisine italienne",Non,,Non,"Viande, Poulet",Maintenir votre poids,30-60 minutes,Oui,Volley-ball ,Non,,,,1
214,03/11/2024 10:57:51,49,Femme,Marocain,Rabat-Salé-Kenitra,98,178,Autre,"Poisson, Couscous",Couscous,Oui,Cuisine marocaine,Non,,Non,Poisson,Perdre du poids,30-60 minutes,Oui,,Non,,,Anémie,3
215,03/11/2024 11:02:55,20,Femme,Marocain,Souss-Massa,63,159,Étudiant,"Gratin, Tajine de viande hachée, Pastilla au poisson , Mrouzia, Sardine grillée ",Tajine,Oui,Cuisine marocaine,Non,,Non,Poulet,Gagner du poids,1-3 heures,Non,,Non,,,Anémie,1
216,03/11/2024 11:03:28,20,Femme,Marocain,Souss-Massa,54,163,Étudiant,"Tajine,Seffa Medfouna,Sardine grillée",Tajine,Oui,Cuisine marocaine,Non,,Non,Viande,Gagner du poids,1-3 heures,Non,,Non,,,Anémie,1
217,03/11/2024 11:06:25,22,Homme,Marocain,Rabat-Salé-Kenitra,59,175,Étudiant,"Pastilla au poisson , Poulet rôti, Pâtes ,Tanjia,Couscous","Poulet rôti, Sandwith, Shawarmas, Pâte, Tajine",Oui,"Cuisine marocaine, Cuisine italienne, Cuisine espagnole",Non,,Non,"Poisson, Viande, Poulet",Gagner du poids,30-60 minutes,Oui,Musculation ,Non,,,,1
218,03/11/2024 11:12:50,20,Femme,Marocain,Souss-Massa,63,161,Étudiant,"Pizza , Poulet ","Harira, Rfissa, Kebab, Loubia",Oui,Cuisine marocaine,Non,,Non,Poisson,Maintenir votre poids,1-3 heures,Non,,Non,,,,2
219,03/11/2024 11:15:43,78,Femme,Marocain,Rabat-Salé-Kenitra,60,153,Retraité,"Couscous, Poulet,  Rfissa, Pastilla, Pizza","Tajine, Harira, Mecheoui, Oeufs, Soupe",Oui,Cuisine marocaine,Oui,Allergie à la friture de poisson,Oui,Viande,Gagner du poids,Plus,Non,,Oui,Régime sans viande et sans graisses animales,Pour ma santé,Maladies cardiovasculaires,3
220,03/11/2024 11:16:45,22,Femme,Marocain,Casablanca-Settat,63,167,Étudiant,"Seffa Medfouna, Rfissa, Poulet rôti , Pastilla au poisson, Cosamia","Tajine, Pastichio, Pâte, Couscous",Oui,Cuisine marocaine,Non,,Non,Poulet,Maintenir votre poids,1-3 heures,Non,,Non,,,,1
221,03/11/2024 11:28:25,21,Homme,Marocain,Marrakech-Safi,74,176,Étudiant,Poulet rôti ,"Oeufs, Poulet rôti",Oui,Cuisine marocaine,Oui,Allergie à la friture de poisson,Non,Viande,Maintenir votre poids,15-30 minutes,Oui,Musculation,Oui,Régime sans produits industriels,Pour ma santé,,3
222,03/11/2024 11:31:03,19,Homme,Marocain,Fès-Meknès,70,185,Étudiant,"Tacos, Mixte grillé, Poulet à la moutarde, soupe de poulet, Pizza","Tacos, Mecheoui, Msemen",Oui,"Cuisine marocaine, Cuisine italienne",Non,,Non,"Viande, Poulet, Dinde",Gagner du poids,15-30 minutes,Oui,"Musculation , Basketball ",Non,,,,2
223,03/11/2024 11:32:21,20,Homme,Marocain,Oriental,62,175,Étudiant,"Tacos,Mixte grillé,Poulet à la moutarde,Pizza,Soupe de poulet ","Tacos, Mecheoui",Oui,"Cuisine marocaine, Cuisine italienne",Non,,Non,"Poisson, Viande, Poulet, Dinde",Gagner du poids,15-30 minutes,Oui,Musculation,Non,,,,1
224,03/11/2024 11:54:25,26,Femme,Marocain,Rabat-Salé-Kenitra,78,164,Autre,"Rfissa , Sushi , Tarte aux pommes, Burger, Tajine","Omelette, Tarte aux pommes caramélisées, Emince de poulet champion, Steak",Oui,"Cuisine marocaine, Cuisine italienne, Cuisine libanaise, Cuisine asiatique",Oui,Allergie aux arachides,Non,Poulet,Perdre du poids,15-30 minutes,Non,,Non,,,Anémie,3
225,03/11/2024 12:04:35,30,Homme,Marocain,Rabat-Salé-Kenitra,98,170,Fonctionnaire,Couscous ,"Zaalouk, Tajine",Oui,"Cuisine marocaine, Cuisine libanaise, Cuisine asiatique",Non,,Non,"Poisson, Viande, Poulet",Perdre du poids,15-30 minutes,Oui,Fitness,Non,,,,1
226,03/11/2024 12:10:46,20,Homme,Marocain,Deraa-Tafilalet,59,179,Étudiant,"Pizza , Poulet rôti, Tacos , Tajine de boeuf, Couscous ","Poulet rôti, Tajine , Tacos",Oui,Cuisine marocaine,Non,,Non,Poulet,Gagner du poids,30-60 minutes,Oui,"Gym , Football ",Non,,,,1
227,03/11/2024 12:22:58,20,Femme,Marocain,Souss-Massa,62,167,Étudiant,"Pastilla,Poulet rôti,Rfissa","Pâte, Tajine",Oui,"Cuisine marocaine, Cuisine italienne",Non,,Non,"Viande, Poulet",Maintenir votre poids,1-3 heures,Non,,Non,,,,1
228,03/11/2024 12:34:52,25,Femme,Marocain,Rabat-Salé-Kenitra,66,170,Fonctionnaire,"Couscous, Pastilla, Salade verte",Tajine,Oui,Cuisine marocaine,Non,,Non,"Viande, Poulet",Maintenir votre poids,30-60 minutes,Non,,Non,,,Anémie,1
229,03/11/2024 12:45:45,23,Femme,Marocain,Fès-Meknès,59,165,Fonctionnaire,"Pastilla, Couscous, Tajine","Sushi, Tajine",Oui,"Cuisine marocaine, Cuisine italienne, Cuisine asiatique",Non,,Non,Poulet,Maintenir votre poids,30-60 minutes,Non,,Non,,,,1
230,03/11/2024 12:50:02,21,Femme,Marocain,Rabat-Salé-Kenitra,67,156,Étudiant,"Rfissa , Pastilla , Couscous ",Tajine,Oui,Cuisine marocaine,Non,,Non,Poisson,Perdre du poids,15-30 minutes,Non,,Non,,,,3
231,03/11/2024 12:51:36,20,Femme,Marocain,Rabat-Salé-Kenitra,60,168,Étudiant,Poulet rôti ,"Poulet, Pizza, Tacos",Oui,"Cuisine marocaine, Cuisine asiatique",Non,,Non,Poulet,Gagner du poids,30-60 minutes,Oui,Musculation,Non,,,,2
232,03/11/2024 12:55:30,20,Femme,Marocain,Rabat-Salé-Kenitra,72,173,Étudiant,Poulet ,Sandwich ,Oui,Cuisine marocaine,Non,,Non,Poulet,Perdre du poids,30-60 minutes,Non,,Non,,,,2
233,03/11/2024 13:00:03,19,Femme,Marocain,Fès-Meknès,59,160,Étudiant,"Poulet rôti,Salades variées,Rfissa,Nouilles sautées au poulet et aux légumes","Tajine, Riz, Tajine",Oui,"Cuisine marocaine, Cuisine libanaise, Cuisine asiatique, Cuisine mexicaine",Non,,Non,Poisson,Maintenir votre poids,15-30 minutes,Non,,Non,,,Anémie,1
234,03/11/2024 13:28:20,54,Femme,Marocain,Deraa-Tafilalet,79,162,Autre,Tajine,"Tajine, Zaalouk, Tajine, Loubia, Poulet rôti, Poisson",Oui,Cuisine marocaine,Non,,Non,"Poisson, Poulet",Perdre du poids,30-60 minutes,Oui,Aérobic ,Oui,Jeûne intermittent,"Me sentir en forme, Pour ma santé",,1
235,03/11/2024 13:40:32,40,Femme,Marocain,Deraa-Tafilalet,50,54,Autre,"Poisson , Viande , Couscouss , Salade,Pastilla","Harira, Couscous, Rfissa, Tajin, Poisson",Oui,"Cuisine marocaine, Cuisine italienne, Cuisine asiatique, Cuisine française",Non,,Non,Poisson,Maintenir votre poids,30-60 minutes,Oui,Marche,Non,,,,2
236,03/11/2024 13:46:00,20,Femme,Marocain,Casablanca-Settat,50,166,Étudiant,Rfissa ,Tajine ,Oui,Cuisine marocaine,Non,,Non,"Poisson, Poulet",Gagner du poids,1-3 heures,Non,,Non,,,,1
237,03/11/2024 14:08:48,8,Homme,Marocain,Rabat-Salé-Kenitra,35,137,Étudiant,Pizza,"Pizza, Pâte",Oui,"Cuisine marocaine, Cuisine libanaise, Cuisine française",Non,,Non,"Poisson, Viande",Maintenir votre poids,30-60 minutes,Oui,Football,Non,,,,1
238,03/11/2024 14:28:29,22,Femme,Marocain,Deraa-Tafilalet,62,160,Étudiant,"Couscous,tajine,rfissa","Tajine, Couscous ",Oui,"Cuisine marocaine, Cuisine libanaise",Non,,Non,Viande,Maintenir votre poids,30-60 minutes,Non,,Non,,,,3
239,03/11/2024 14:35:33,21,Homme,Marocain,Fès-Meknès,68,170,Étudiant,"Poulet rôti, Pastilla au poulet","Pâte, Sandwich, Bokadio",Oui,"Cuisine marocaine, Cuisine italienne",Non,,Non,"Poisson, Viande, Poulet",Perdre du poids,15-30 minutes,Non,,Non,,,,2
240,03/11/2024 14:50:59,21,Femme,Marocain,Marrakech-Safi,52,152,Étudiant,"Poisson, Rfissa, Couscous, Tajine , Pastilla",Tajine,Oui,Cuisine marocaine,Non,,Oui,"Poisson, Poulet",Maintenir votre poids,30-60 minutes,Non,,Non,,,,2
241,03/11/2024 14:56:57,21,Femme,Marocain,Marrakech-Safi,57,165,Étudiant,"Rfissa ,Pastilla ",Poulet ,Oui,Cuisine libanaise,Oui,Allergie à l'avocat et aux amandes,Non,Poulet,Gagner du poids,15-30 minutes,Non,,Non,,,,2
242,03/11/2024 14:57:48,25,Femme,Marocain,Casablanca-Settat,54,150,Étudiant,"Pastilla, Tajine , Burger , Pizza , Tacos",Tajine,Oui,Cuisine marocaine,Non,,Non,Poulet,Perdre du poids,30-60 minutes,Oui,Cardio,Non,,Perdre du poids,,1
243,03/11/2024 15:11:49,20,Homme,Marocain,Fès-Meknès,66,185,Étudiant,Emincé de poulet,Tajine,Oui,Cuisine marocaine,Non,,Non,"Poisson, Viande, Poulet",Gagner du poids,30-60 minutes,Non,,Non,,,,1
244,03/11/2024 15:11:53,19,Homme,Marocain,Béni Mellal-Khénifra,80,182,Étudiant,poulet rôti ,Poulet,Oui,Cuisine marocaine,Non,,Non,"Viande, Poulet",Maintenir votre poids,15-30 minutes,Oui,"Gym,Muay Thai",Oui,Régime riche en protéines,"Me sentir en forme, Booster mon énergie, Atteindre un objectif personnel",,1
245,03/11/2024 15:35:22,21,Homme,Marocain,Souss-Massa,71,183,Étudiant,"Poulet rôti,   Pastilla au poulet ,seffa , Poisson grillé,Salade","Poulet rôti, Pastilla, Seffa Medfouna, Poisson grillé, Salade",Oui,"Cuisine marocaine, Cuisine italienne, Cuisine mexicaine",Non,,Non,Poulet,Gagner du poids,30-60 minutes,Oui,"Musculaton, Football",Non,,"Me sentir en forme, Booster mon énergie, Pour ma santé, Atteindre un objectif personnel",,3
246,03/11/2024 15:58:46,22,Femme,Marocain,Rabat-Salé-Kenitra,74,170,Étudiant,"Poulet rôti,Pastilla,Pizza","Couscous, Tajine, Salade",Oui,"Cuisine marocaine, Cuisine italienne, Cuisine asiatique, Cuisine mexicaine, Cuisine espagnole",Non,,Non,Poisson,Perdre du poids,30-60 minutes,Non,,Non,,,,3
247,03/11/2024 16:11:28,22,Femme,Marocain,Deraa-Tafilalet,68,165,Étudiant,"Couscous , Poulet rôti, Tajine , Seffa Medfouna ,Pastilla au poisson ",Tajine,Oui,Cuisine marocaine,Non,,Non,Poulet,Perdre du poids,15-30 minutes,Oui,Squat,Non,,,,2
248,03/11/2024 16:44:29,50,Homme,Marocain,Rabat-Salé-Kenitra,80,170,Fonctionnaire,"Couscous, Tajine ","Tajine, Couscous",Oui,"Cuisine marocaine, Cuisine italienne, Cuisine espagnole",Oui,Allergie aux pollens,Non,Viande,Perdre du poids,30-60 minutes,Non,,Non,,,,3
249,03/11/2024 17:14:43,22,Femme,Marocain,Casablanca-Settat,58,160,Étudiant,"Pizza, Pastilla, Rfissa, Viande hachée,Msemen",Tous,Oui,"Cuisine marocaine, Cuisine libanaise, Cuisine française",Non,,Non,"Poisson, Viande",Maintenir votre poids,30-60 minutes,Oui,Musculation,Non,,,,1
250,03/11/2024 17:33:07,51,Femme,Marocain,Rabat-Salé-Kenitra,69,152,Fonctionnaire,"Salade, Pastilla, Poisson grillé, Gâteau au chocolat","Poulet, Tagine",Oui,"Cuisine asiatique, Cuisine française",Non,,Oui,Poisson,Perdre du poids,30-60 minutes,Non,,Non,,,Hypertension artérielle,2
251,03/11/2024 17:35:00,24,Femme,Marocain,Rabat-Salé-Kenitra,59,163,Étudiant,Pizza,Poulet,Oui,"Cuisine marocaine, Cuisine italienne",Non,,Non,Poulet,Maintenir votre poids,30-60 minutes,Non,,Non,,,,2
252,03/11/2024 18:27:19,42,Homme,Marocain,Fès-Meknès,79,169,Fonctionnaire,"Tajine, Viande avec pruneaux, kebab","Poulet, Legume, Poisson, Coucous ",Oui,Cuisine marocaine,Non,,Non,Poisson,Maintenir votre poids,1-3 heures,Oui,Karaté ,Non,,,Trouble digestif ,1
253,03/11/2024 18:41:23,57,Femme,Marocain,Rabat-Salé-Kenitra,84,162,Fonctionnaire,"Pastilla , Harira , Poisson","Salad, Tajine, Harira",Oui,"Cuisine marocaine, Cuisine libanaise, Cuisine asiatique",Non,,Non,"Poisson, Viande, Poulet",Perdre du poids,30-60 minutes,Oui,Marche,Oui,Jeûne intermittent,"Perdre du poids, Me sentir en forme, Pour ma santé",,1
254,03/11/2024 19:39:22,21,Femme,Marocain,Casablanca-Settat,51,168,Étudiant,"Couscous,Tajine, Poulet rôti,Viande avec pruneaux,Rfissa","Sandwich, Pizza, Tajine, Salade, Couscous ",Oui,"Cuisine marocaine, Cuisine italienne",Non,,Non,"Poisson, Viande, Poulet",Gagner du poids,30-60 minutes,Non,,Non,,,,1
255,03/11/2024 20:00:57,58,Homme,Marocain,Rabat-Salé-Kenitra,101,182,Fonctionnaire,"Tajine , Poulet rôti, Mecheoui , Couscous , Salade .","Tajine, Poulet rôti, Mecheoui, Couscous ",Oui,"Cuisine marocaine, Cuisine libanaise, Cuisine asiatique",Non,,Oui,"Poisson, Poulet",Perdre du poids,30-60 minutes,Oui,Marche,Non,,,La goutte ,1
256,03/11/2024 20:29:53,22,Femme,Marocain,Deraa-Tafilalet,55,165,Étudiant,"Couscous,Rfissa, Msemen  ,Tajine,Harira",Couscous,Oui,Cuisine marocaine,Non,,Non,Poisson,Maintenir votre poids,1-3 heures,Non,,Non,,,,1
257,03/11/2024 20:31:24,21,Femme,Marocain,Rabat-Salé-Kenitra,50,165,Étudiant,"Pastilla, Rfissa, Pizza","Tajine de poulet, Tajine de viande, Tajine de poisson",Oui,"Cuisine marocaine, Cuisine italienne, Cuisine mexicaine",Non,,Non,Poulet,Maintenir votre poids,30-60 minutes,Oui,Pilates,Non,,,,1
258,03/11/2024 21:03:03,20,Femme,Marocain,Dakhla-Oued ed Dahab,60,155,Étudiant,"Pizza, Lasagne, Steak ",Pizza,Oui,Cuisine italienne,Non,,Non,Poulet,Maintenir votre poids,1-3 heures,Non,,Non,,,syndrome de l'intestin irritable,2
259,03/11/2024 21:34:24,20,Femme,Marocain,Béni Mellal-Khénifra,55,165,Étudiant,"Rfissa , Tacos , Tajine , Gratin","Rfissa, Tacos, Tajine, Gratin ",Oui,"Cuisine marocaine, Cuisine italienne, Cuisine asiatique, Cuisine mexicaine",Non,,Non,Poulet,Maintenir votre poids,30-60 minutes,Oui,Basketball,Non,,,,2
260,03/11/2024 22:02:46,65,Homme,Marocain,Casablanca-Settat,60,170,Retraité,"Poulet rôti, Tajine,Pastilla,Couscous,Loubia","Frites, Poulet, Tajine, Couscous, Omelette",Oui,Cuisine marocaine,Non,,Non,Poulet,Gagner du poids,30-60 minutes,Oui,Vélo,Non,,,,1
261,03/11/2024 22:36:22,20,Femme,Marocain,Casablanca-Settat,53,162,Étudiant,"Pastilla, Poulet rôti,Couscous,Rfissa,Tajine","Tajine, Couscous",Oui,"Cuisine marocaine, Cuisine italienne",Non,,Non,Poisson,Gagner du poids,30-60 minutes,Non,,Non,,,,3
262,03/11/2024 22:46:22,18,Femme,Marocain,Oriental,65,170,Étudiant,"Rfissa,Viande avec pruneaux, Poulet rôti,Seffa, Tajine aux artichauts et petits pois","Tajine, Sandwich",Oui,"Cuisine marocaine, Cuisine italienne",Non,,Non,"Poisson, Viande, Poulet",Maintenir votre poids,15-30 minutes,Non,,Non,,,,1
263,03/11/2024 22:53:45,20,Femme,Marocain,Casablanca-Settat,78,173,Étudiant,Pastilla,"Pâtes, Panini, Sandwich",Oui,"Cuisine marocaine, Cuisine italienne, Cuisine asiatique, Cuisine française",Non,,Non,"Poisson, Poulet",Maintenir votre poids,15-30 minutes,Non,,Non,,,,3
264,04/11/2024 11:24:14,19,Femme,Marocain,Rabat-Salé-Kenitra,53,165,Étudiant,"Pastilla , Poulet rôti, Mrouzia ,Pizza ,Tacos","Tajine, Couscous, Harira ",Oui,Cuisine marocaine,Non,,Non,Poulet,Gagner du poids,1-3 heures,Non,,Non,,,Anémie,2
265,04/11/2024 12:45:39,23,Femme,Marocain,Souss-Massa,68,165,Étudiant,"Couscous, Brochettes de dinde, Pastilla, Hamburger, Pâtes ","Pâtes, Tacos, Hamburger, Tajine, Pastichio",Oui,"Cuisine marocaine, Cuisine italienne",Oui,"Intolérance à l'histamine,Intolérance au lactose",Non,Poulet,Maintenir votre poids,15-30 minutes,Non,,Non,Régime pour le syndrome de l'intestin irritable (IBS),Pour ma santé,Maladies cardiovasculaires,1
266,04/11/2024 13:56:54,19,Homme,Marocain,Casablanca-Settat,67,178,Étudiant,"Gratin,Couscous,Pastilla",Tajine,Oui,"Cuisine marocaine, Cuisine italienne, Cuisine libanaise, Cuisine asiatique, Cuisine mexicaine, Cuisine française, Cuisine espagnole",Non,,Non,Viande,Maintenir votre poids,30-60 minutes,Oui,"Basketball,Football",Non,,,,3
267,04/11/2024 14:08:51,22,Femme,Marocain,Souss-Massa,57,168,Étudiant,"Rfissa, Seffa, Tajine, Pastilla, Couscous","Poulet, Viande hachée ",Oui,Cuisine marocaine,Non,,Non,Viande,Maintenir votre poids,30-60 minutes,Oui,"Basketball, Gym, Course",Non,,,,2
268,04/11/2024 15:15:35,22,Femme,Marocain,Oriental,61,166,Étudiant,Couscous ,Tajine,Oui,Cuisine marocaine,Non,,Non,"Viande, Poulet",Perdre du poids,30-60 minutes,Non,,Oui,,"Perdre du poids, Me sentir en forme",,3
269,04/11/2024 15:39:30,22,Femme,Français,Je ne suis pas marocain,53,163,Étudiant,"Gratin d' aubergines, Tajine de viande hachée, Tagliatelles crevettes, Butter chicken, Phat thai","Gratin, Tajine de viande hachée, Tagliatelles aux crevettes, Poulet, Pad thaï",Oui,"Cuisine marocaine, Cuisine italienne, Cuisine asiatique",Non,,Non,"Viande, Poulet",Perdre du poids,30-60 minutes,Oui,Course ,Non,,,,3
270,04/11/2024 16:24:14,22,Femme,Français,Je ne suis pas marocain,70,164,Étudiant,"Pates à l'huile d'olive et Parmesan,Crumble au légume, Couscous, Lasagne, Viande","Pâtes, Riz, Filets de poulet",Oui,"Cuisine italienne, Cuisine française, Cuisine polonaise",Non,,Non,Viande,Maintenir votre poids,30-60 minutes,Oui,Natation,Non,,,,2
271,04/11/2024 16:33:34,21,Homme,Français,Je ne suis pas marocain,77,173,Étudiant,"Lasagne, Burrito, Burger, Raclette,  Tartiflette","Pâtes, knacki, Riz",Oui,"Cuisine italienne, Cuisine asiatique, Cuisine mexicaine, Cuisine française",Non,,Non,Viande,Maintenir votre poids,15-30 minutes,Oui,Musculation,Non,,,,3
272,04/11/2024 16:33:54,20,Femme,"Français,Turque",Je ne suis pas marocain,65,168,Étudiant,Lasagne,"Pâtes, Manti, Couscous",Oui,Cuisine italienne,Non,,Non,Poulet,Maintenir votre poids,30-60 minutes,Non,,Non,,,,2
273,04/11/2024 17:47:51,22,Homme,Camerounais ,Je ne suis pas marocain,67,174,Étudiant,"Ndole, Kebab, Choucroute, Paella, Couscous","Kebab, Riz, Poulet",Oui,"Cuisine marocaine, Cuisine asiatique, Cuisine française, Cuisine espagnole",Non,,Non,"Viande, Poulet",Gagner du poids,30-60 minutes,Oui,Football ,Non,,,,2
274,04/11/2024 19:07:52,47,Homme,Marocain,Rabat-Salé-Kenitra,100,180,Fonctionnaire,"Tortilla, Loubia, Bissara, Viande haché ","Poulet, Viande haché, Pâtes",Oui,Cuisine espagnole,Non,,Non,Poisson,Perdre du poids,15-30 minutes,Non,,Non,,,,2
275,04/11/2024 19:57:28,22,Femme,Tunisian ,Je ne suis pas marocain,68,177,Étudiant,"Couscous ,Tajine","Pâtes, Couscous, Escalopes de dinde, Tacos ",Oui,Cuisine tunisienne,Non,,Non,"Poisson, Viande, Poulet",Perdre du poids,15-30 minutes,Oui,,Non,,Perdre du poids,,1
276,04/11/2024 19:57:50,23,Homme,Camerounais ,Je ne suis pas marocain,75,173,Étudiant,Ndole ,Riz,Non,Cuisine camerounaise,Non,,Non,"Viande, Poulet",Gagner du poids,30-60 minutes,Oui,Football ,Non,,,,1
277,04/11/2024 20:59:48,20,Homme,Gabonais,Je ne suis pas marocain,51,174,Étudiant,"Nfouk-owone, Thiéboudiène, Tajine de poulet ","Tacos , Poulet rôti, Couscous ",Non,"Cuisine italienne, Cuisine mexicaine, Cuisine française",Non,,Non,Poulet,Gagner du poids,30-60 minutes,Non,,Oui,Régime sans aliments acidifiants,Pour ma santé,Anémie,2
278,05/11/2024 02:47:45,23,Femme,Marocain,Tanger-Tétouan-Al Hoceima,48,157,Fonctionnaire,"Pastilla au Fruit de mer , Rziza , pasticcio ","Pâtes, Pastichio",Oui,"Cuisine marocaine, Cuisine italienne, Cuisine mexicaine",Non,,Non,Poulet,Maintenir votre poids,15-30 minutes,Non,,Non,,,,1
279,05/11/2024 08:46:42,22,Femme,Marocain,Béni Mellal-Khénifra,52,161,Étudiant,"Couscous,Tajine,Rfissa ,Harira",Tajine,Oui,"Cuisine marocaine, Cuisine française, Cuisine espagnole",Oui,,Non,Viande,Gagner du poids,30-60 minutes,Oui,,Non,,Me sentir en forme,,3
280,05/11/2024 09:47:28,47,Homme,Français ,Je ne suis pas marocain,76,171,Fonctionnaire,"Pizza, Viande haché,Sushi, Poisson, Raclette ","Steak, Frites, Pâtes, Riz, Dinde , Œufs",Oui,"Cuisine marocaine, Cuisine italienne, Cuisine française, Cuisine espagnole",Non,,Non,"Poisson, Viande",Gagner du poids,30-60 minutes,Oui,Boxe,Oui,"Régime à base de glucides complets, protéines maigres, graisses saines",Booster mon énergie,,3
281,05/11/2024 10:37:12,20,Femme,Marocain,Souss-Massa,53,165,Étudiant,"Pâtte à beurre, Poulet à la marocaine, Pastilla, Brochettes, Harira","Poulet rôti, Dinde ",Oui,Cuisine marocaine,Non,,Non,Poulet,Maintenir votre poids,1-3 heures,Non,,Non,,"Booster mon énergie, Pour ma santé",,3
282,05/11/2024 11:43:49,20,Femme,Marocain,Deraa-Tafilalet,70,165,Étudiant,Tajine,"Tajine, Poulet",Oui,Cuisine marocaine,Non,,Oui,Poisson,Gagner du poids,1-3 heures,Non,,Non,,,,1
283,05/11/2024 12:25:05,19,Homme,Marocain,Deraa-Tafilalet,85,195,Étudiant,"Rfissa, couscous, Poulet rôti ","Msemen, Harcha",Oui,"Cuisine marocaine, Cuisine italienne",Non,,Non,Viande,Gagner du poids,30-60 minutes,Oui,Football ,Non,,Booster mon énergie,,1
284,05/11/2024 12:27:08,19,Homme,Marocain,Deraa-Tafilalet,85,195,Étudiant,"Couscous, Rfissa, Poulet rôti ","Harcha, Msemen",Oui,"Cuisine marocaine, Cuisine italienne",Non,,Non,Viande,Gagner du poids,30-60 minutes,Oui,Football ,Non,,,,1
285,05/11/2024 14:22:21,17,Femme,Marocain,Deraa-Tafilalet,46,156,Étudiant,"Poulet rôti,Pastilla,Paella","Riz, Pâtes, Légumes",Oui,"Cuisine marocaine, Cuisine asiatique",Non,,Non,"Poisson, Poulet",Gagner du poids,30-60 minutes,Non,,Non,,,,1
286,05/11/2024 15:45:09,40,Homme,Marocain,Rabat-Salé-Kenitra,68,170,Retraité,"Couscous,Poisson, Légumes,    Légumineuses  ,Viande grillée ","Couscous, Poisson, Légumes, Légumineuses, Viande grillée",Oui,Cuisine marocaine,Oui,Asthme,Non,"Poisson, Viande",Maintenir votre poids,1-3 heures,Non,,Non,,Atteindre un objectif personnel,,1
287,05/11/2024 17:51:31,19,Femme,Marocain,Deraa-Tafilalet,70,160,Étudiant,"Couscous,Tajine,Rfissa,Pastilla,Poisson ","Tajine, Couscous, Salade, Rfissa, Seffa Medfouna",Oui,Cuisine marocaine,Non,,Non,Poulet,Perdre du poids,30-60 minutes,Non,,Non,,,,1
288,05/11/2024 18:54:36,19,Femme,Marocain,Deraa-Tafilalet,55,140,Étudiant,"Kebab,Tajine,Couscous , Pâtes ",Tajine,Oui,Cuisine marocaine,Oui,,Non,Viande,Maintenir votre poids,1-3 heures,Oui,Marche,Non,,,,1
289,05/11/2024 19:03:07,19,Femme,Marocain,Deraa-Tafilalet,55,140,Étudiant,"Kebab, Tajine,Couscous, Pâtes ","Tajine, Pâtes",Oui,"Cuisine marocaine, Cuisine italienne, Cuisine française",Non,,Non,Viande,Maintenir votre poids,1-3 heures,Oui,Marche,Non,,,,1
290,05/11/2024 20:48:44,23,Homme,Camerounais ,Je ne suis pas marocain,56,167,Étudiant,Okok,Riz,Oui,"Cuisine marocaine, Cuisine libanaise, Cuisine asiatique",Non,,Non,"Viande, Poulet",Maintenir votre poids,30-60 minutes,Oui,Football ,Non,,,,2
291,06/11/2024 11:49:53,20,Femme,Marocain,Guelmim-Oued Noun,63,169,Étudiant,Seffa,Pizza,Oui,"Cuisine marocaine, Cuisine italienne, Cuisine mexicaine",Non,,Non,Viande,Maintenir votre poids,15-30 minutes,Non,,Non,,,,2
292,06/11/2024 13:37:53,76,Femme,Marocain,Rabat-Salé-Kenitra,62,160,Retraité,"Poulet,La viande acheté,Lentilles,Cosmos,Pois chiche
",Thé Marocain,Oui,Cuisine marocaine,Non,,Non,Poisson,Maintenir votre poids,30-60 minutes,Oui,Marche,Oui,Régime sans sucre et sans sel ajouté,Pour ma santé,Hypertension artérielle,1
293,06/11/2024 13:42:41,30,Femme,Marocain,Fès-Meknès,46,156,Fonctionnaire,"Poulet,Tajine,Viande,Poisson,Salade ","Poulet, Lentilles, Légumes 
",Oui,Cuisine marocaine,Non,,Non,"Poisson, Poulet",Gagner du poids,30-60 minutes,Non,,Non,,,,1
294,06/11/2024 14:24:48,63,Femme,Marocain,Fès-Meknès,62,154,Retraité,"Poulet,Viande,Poisson,Lentilles
","Salade, Légumes",Oui,Cuisine marocaine,Non,,Non,"Poisson, Poulet",Perdre du poids,30-60 minutes,Oui,Marche,Oui,,Perdre du poids,,2
295,06/11/2024 14:31:50,76,Homme,Marocain,Fès-Meknès,64,166,Retraité,"Tajine,Poisson,Couscous,Salade mixte,Poulet,Viande
","Tajine, Paella, Couscous, Poisson, Harira",Oui,"Cuisine marocaine, Cuisine espagnole",Non,,Non,Poisson,Maintenir votre poids,30-60 minutes,Oui,Marche,Oui,Régime pour diabète (contrôle de la glycémie),Pour ma santé,Diabète,1
296,06/11/2024 16:17:54,22,Homme,Français,Je ne suis pas marocain,65,167,Étudiant,Riz à la ratatouille,"Pâtes, Riz, Purée",Oui,Cuisine asiatique,Non,,Non,Viande,Maintenir votre poids,15-30 minutes,Oui,Athlétisme,Non,,,,2
297,06/11/2024 20:51:58,23,Homme,Marocain,Souss-Massa,60,182,Étudiant,Tajine,"Harira, Tajine, Couscous, Poulet rôti, Kebab",Oui,Cuisine marocaine,Non,,Non,Poisson,Gagner du poids,1-3 heures,Oui,Calisthenics ,Non,,,,1
298,06/11/2024 21:09:36,14,Homme,Marocain,Rabat-Salé-Kenitra,40,167,Étudiant,"Omelette, Beriouate","Omelette, Beriouate",Oui,"Cuisine marocaine, Cuisine italienne, Cuisine libanaise, Cuisine asiatique, Cuisine mexicaine, Cuisine française, Cuisine espagnole",Oui,Allergie aux acariens,Non,"Poisson, Poulet",Gagner du poids,15-30 minutes,Oui,Football ,Non,,,,2
299,06/11/2024 21:16:34,15,Femme,Marocain,Rabat-Salé-Kenitra,48,165,Étudiant,"Lasagne, Rfissa, Poulet rôti,Kebab, Pastilla","Sandwich, Poulet rôti",Oui,"Cuisine marocaine, Cuisine italienne, Cuisine asiatique,Cuisine turque",Non,,Non,"Viande, Poulet",Maintenir votre poids,30-60 minutes,Non,,Non,,,,3
300,06/11/2024 21:20:44,62,Homme,Marocain,Rabat-Salé-Kenitra,54,164,Retraité,"Poisson, Tajine,Harira, Brochettes, Légumineuses ","Tajine, Sardine, Sandwich, Lentilles , Haricot ",Oui,"Cuisine marocaine, Cuisine italienne, Cuisine espagnole",Oui,Allergie aux aliments riches en graisses,Non,"Poisson, Viande, Poulet",Gagner du poids,30-60 minutes,Oui,"Marche , Natation , Football ",Non,,,Diabète,1
301,06/11/2024 21:30:50,42,Homme,Marocain,Rabat-Salé-Kenitra,74,172,Autre,"Zaalouk,Harira,Tajine de poisson","Poisson, Couscous, Paella, Tajine",Non,Cuisine indienne,Non,,Non,"Poisson, Poulet",Perdre du poids,1-3 heures,Oui,Cyclisme,Non,,,,1
302,06/11/2024 21:57:48,19,Femme,Marocain,Casablanca-Settat,55,162,Étudiant,Rfissa,"Sandwich, Pâtes",Oui,"Cuisine marocaine, Cuisine italienne, Cuisine asiatique, Cuisine espagnole",Non,,Non,Poulet,Maintenir votre poids,15-30 minutes,Oui,Boxe,Non,,,,1
303,06/11/2024 23:07:25,60,Femme,Marocain,Rabat-Salé-Kenitra,70,156,Fonctionnaire,"Poissons,Tajine","Tajine au légumes, Poisson",Oui,"Cuisine marocaine, Cuisine asiatique",Non,,Oui,Poisson,Perdre du poids,30-60 minutes,Non,,Non,,,,1
304,07/11/2024 08:44:14,52,Femme,Marocain,Rabat-Salé-Kenitra,67,165,Fonctionnaire,Poulet rôti ,Poulet rôti,Oui,"Cuisine marocaine, Cuisine italienne, Cuisine asiatique, Cuisine française, Cuisine espagnole",Non,,Non,"Poisson, Viande, Poulet",Maintenir votre poids,15-30 minutes,Non,,Non,,,,3
305,07/11/2024 08:55:03,38,Femme,Marocain,Rabat-Salé-Kenitra,60,160,Fonctionnaire,"Tajine, Sushi, Couscous, Poulet avec légumes sautés,Rfissa","Tajine, Couscous, Poulet grillé",Oui,"Cuisine marocaine, Cuisine asiatique",Non,,Non,"Poisson, Poulet",Perdre du poids,30-60 minutes,Non,,Non,,,,3
306,07/11/2024 09:00:57,33,Femme,Marocain,Rabat-Salé-Kenitra,75,159,Fonctionnaire,"Pâtes, Couscous, Rfissa, Mecheoui, Sushi","Tajine, pates",Oui,"Cuisine marocaine, Cuisine italienne, Cuisine libanaise, Cuisine asiatique, Cuisine française, Cuisine espagnole",Non,,Non,Viande,Perdre du poids,30-60 minutes,Non,,Non,,,Anémie,2
307,07/11/2024 09:06:03,34,Homme,Marocain,Rabat-Salé-Kenitra,93,180,Fonctionnaire,Couscous,"Poulet, Tajine, Pâtes ",Oui,"Cuisine marocaine, Cuisine italienne",Non,,Non,"Poisson, Viande, Poulet",Maintenir votre poids,15-30 minutes,Oui,Musculation ,Non,,,,1
308,07/11/2024 09:54:33,44,Femme,Marocain,Rabat-Salé-Kenitra,53,162,Fonctionnaire,"Poisson, Poulet, Couscous, Mecheoui","Pâtes, Tajine, Couscous, Harira",Oui,Cuisine marocaine,Non,,Oui,"Poisson, Poulet",Maintenir votre poids,30-60 minutes,Oui,Aérobic ,Non,,,Anémie,3
309,07/11/2024 10:07:31,33,Homme,Marocain,Rabat-Salé-Kenitra,82,179,Fonctionnaire,"Tajine , Plats escalope de dinde, Pastilla, Poisson grillé ","Tajine, Poisson grillé, Escalopes de dinde",Oui,Cuisine marocaine,Non,,Oui,"Poisson, Poulet",Perdre du poids,15-30 minutes,Non,,Non,,,,3
310,07/11/2024 10:12:25,41,Homme,Marocain,Rabat-Salé-Kenitra,86,174,Fonctionnaire,Emince de poulet champignon,Emince de poulet champignon,Oui,"Cuisine marocaine, Cuisine libanaise",Non,,Non,"Poisson, Viande, Poulet",Perdre du poids,15-30 minutes,Non,,Non,,,,2
311,07/11/2024 10:18:00,47,Femme,Marocain,Rabat-Salé-Kenitra,66,162,Fonctionnaire,"Paella, Pastilla au poisson, Salade marocainne, Tajine","Tajine, Salade ",Oui,"Cuisine marocaine, Cuisine libanaise",Non,,Non,Poisson,Maintenir votre poids,30-60 minutes,Non,,Non,,,,1
312,07/11/2024 10:55:48,47,Homme,Marocain,Rabat-Salé-Kenitra,80,175,Fonctionnaire,"Kebab,Rfissa,Couscous,Tajine au légumes, Légumineuses ","Kebab, Tajine au légumes, Couscous, Paella",Oui,Cuisine marocaine,Non,,Non,Viande,Gagner du poids,30-60 minutes,Oui,Course ,Non,,,,3
313,07/11/2024 11:02:21,20,Femme,Marocain,Deraa-Tafilalet,60,165,Étudiant,"Pastilla, Tacos ,Sandwich,Tajine de poisson","Tajine de poisson, Pastilla, Sandwich",Oui,"Cuisine marocaine, Cuisine italienne",Non,,Non,"Poisson, Poulet",Maintenir votre poids,30-60 minutes,Non,,Non,,,,3
314,08/11/2024 09:19:45,22,Femme,Marocain,Deraa-Tafilalet,75,162,Étudiant,Rfisaa,Nouilles instantanées,Oui,"Cuisine marocaine, Cuisine italienne, Cuisine espagnole",Non,,Non,"Poisson, Poulet",Perdre du poids,15-30 minutes,Oui,Musculation ,Oui,,Perdre du poids,,3
